,set_size,average_insert,average_find,time
0,500.0,11.286,11.286,0.0045130252838134766
1,700.0,10.448571428571428,10.448571428571428,0.003961086273193359
2,900.0,12.315555555555555,12.315555555555555,0.008640050888061523
3,1100.0,11.865454545454545,11.865454545454545,0.010123014450073242
4,1300.0,13.633846153846154,13.633846153846154,0.013015031814575195
5,1500.0,12.557333333333334,12.557333333333334,0.015039443969726562
6,1700.0,12.382941176470588,12.382941176470588,0.01938009262084961
7,1900.0,13.104736842105263,13.104736842105263,0.01903223991394043
8,2100.0,13.463333333333333,13.463333333333333,0.023948192596435547
9,2300.0,14.021739130434783,14.021739130434783,0.024037837982177734
10,2500.0,13.3792,13.3792,0.05996274948120117
11,2700.0,13.435925925925925,13.435925925925925,0.01935720443725586
12,2900.0,13.500689655172414,13.500689655172414,0.03293561935424805
13,3100.0,13.389032258064516,13.389032258064516,0.03177070617675781
14,3300.0,14.288484848484849,14.288484848484849,0.03368377685546875
15,3500.0,15.608857142857143,15.608857142857143,0.04770994186401367
16,3700.0,15.406216216216217,15.406216216216217,0.061281442642211914
17,3900.0,14.736153846153845,14.736153846153845,0.06019234657287598
18,4100.0,14.66,14.66,0.08071708679199219
19,4300.0,14.72813953488372,14.72813953488372,0.08287763595581055
20,4500.0,14.778888888888888,14.778888888888888,0.05734753608703613
21,4700.0,15.412127659574468,15.412127659574468,0.06161975860595703
22,4900.0,15.27673469387755,15.27673469387755,0.06590056419372559
23,5100.0,15.64549019607843,15.64549019607843,0.1051778793334961
24,5300.0,14.936792452830188,14.936792452830188,0.0738973617553711
25,5500.0,15.091272727272727,15.091272727272727,0.06560420989990234
26,5700.0,15.21372170556238,15.21372170556238,0.06974077224731445
27,5900.0,14.671864406779662,14.671864406779662,0.09617996215820312
28,6100.0,15.730655737704918,15.730655737704918,0.08574557304382324
29,6300.0,15.003333333333334,15.003333333333334,0.10857963562011719
30,6500.0,15.557538461538462,15.557538461538462,0.11419034004211426
31,6700.0,15.87,15.87,0.12918806076049805
32,6900.0,15.603188405797102,15.603188405797102,0.10185909271240234
33,7100.0,14.90830985915493,14.90830985915493,0.08148074150085449
34,7300.0,14.921643835616438,14.921643835616438,0.12719035148620605
35,7500.0,15.573733333333333,15.573733333333333,0.1032857894897461
36,7700.0,16.346883116883117,16.346883116883117,0.1500413417816162
37,7900.0,16.588607594936708,16.588607594936708,0.18077683448791504
38,8100.0,15.922592592592592,15.922592592592592,0.14765119552612305
39,8300.0,15.5055421686747,15.5055421686747,0.1253063678741455
40,8500.0,16.286,16.286,0.2054615020751953
41,8700.0,15.848505747126437,15.848505747126437,0.14322161674499512
42,8900.0,16.345955056179776,16.345955056179776,0.20479846000671387
43,9100.0,15.59021978021978,15.59021978021978,0.14591622352600098
44,9300.0,17.788172043010753,17.788172043010753,0.18487286567687988
45,9500.0,16.18915789473684,16.18915789473684,0.15513920783996582
46,9700.0,15.921752577319587,15.921752577319587,0.1447756290435791
47,9900.0,17.07838383838384,17.07838383838384,0.20072436332702637
48,10100.0,16.921287128712873,16.921287128712873,0.36351633071899414
49,10300.0,16.445533980582525,16.445533980582525,0.2095193862915039
50,10500.0,16.91790476190476,16.91790476190476,0.2778358459472656
51,10700.0,17.048130841121495,17.048130841121495,0.24852418899536133
52,10900.0,16.159266055045872,16.159266055045872,0.17737030982971191
53,11100.0,17.286666666666665,17.286666666666665,0.18206501007080078
54,11300.0,16.42141592920354,16.42141592920354,0.19882416725158691
55,11500.0,17.552347826086958,17.552347826086958,0.23575091361999512
56,11700.0,18.537777777777777,18.537777777777777,0.2838466167449951
57,11900.0,16.85764705882353,16.85764705882353,0.1662306785583496
58,12100.0,16.896776859504133,16.896776859504133,0.21991777420043945
59,12300.0,16.59162601626016,16.59162601626016,0.17765212059020996
60,12500.0,16.20792,16.20792,0.20421385765075684
61,12700.0,16.914251968503937,16.914251968503937,0.1736314296722412
62,12900.0,16.905736434108526,16.905736434108526,0.22615694999694824
63,13100.0,17.427404580152672,17.427404580152672,0.20557665824890137
64,13300.0,16.53578947368421,16.53578947368421,0.22658991813659668
65,13500.0,18.25562962962963,18.25562962962963,0.21523809432983398
66,13700.0,17.524087591240875,17.524087591240875,0.2317349910736084
67,13900.0,17.32115107913669,17.32115107913669,0.266294002532959
68,14100.0,17.63482269503546,17.63482269503546,0.22246217727661133
69,14300.0,17.214195804195803,17.214195804195803,0.22469258308410645
70,14500.0,16.823172413793102,16.823172413793102,0.6041202545166016
71,14700.0,17.547278911564625,17.547278911564625,0.7053201198577881
72,14900.0,17.75308724832215,17.75308724832215,0.8035070896148682
73,15100.0,18.264503311258277,18.264503311258277,0.8047657012939453
74,15300.0,17.336993464052288,17.336993464052288,0.8892648220062256
75,15500.0,16.97509677419355,16.97509677419355,0.9089350700378418
76,15700.0,16.36248407643312,16.36248407643312,0.7096621990203857
77,15900.0,16.917672955974844,16.917672955974844,0.775303840637207
78,16100.0,16.94031055900621,16.94031055900621,0.9193658828735352
79,16300.0,18.53527607361963,18.53527607361963,0.9601337909698486
80,16500.0,18.458242424242425,18.458242424242425,0.9612057209014893
81,16700.0,17.13497005988024,17.13497005988024,0.8633406162261963
82,16900.0,18.34958579881657,18.34958579881657,0.9116320610046387
83,17100.0,17.0593567251462,17.0593567251462,0.8252677917480469
84,17300.0,17.2864161849711,17.2864161849711,0.9270424842834473
85,17500.0,17.494114285714286,17.494114285714286,0.8879749774932861
86,17700.0,18.20909604519774,18.20909604519774,0.9060220718383789
87,17900.0,17.357430167597766,17.357430167597766,0.838695764541626
88,18100.0,18.05303867403315,18.05303867403315,0.9475781917572021
89,18300.0,17.92191256830601,17.92191256830601,0.9569106101989746
90,18500.0,16.89162162162162,16.89162162162162,0.9253919124603271
91,18700.0,17.36964543558479,17.36964543558479,0.8909316062927246
92,18900.0,18.114708994708995,18.114708994708995,1.0059678554534912
93,19100.0,18.444188481675393,18.444188481675393,1.0424830913543701
94,19300.0,17.486891191709844,17.486891191709844,0.9380567073822021
95,19500.0,18.544102564102563,18.544102564102563,1.058034896850586
96,19700.0,17.56279187817259,17.56279187817259,0.9990999698638916
97,19900.0,17.52391959798995,17.52391959798995,0.9566299915313721
98,20100.0,19.077711442786068,19.077711442786068,1.1017911434173584
99,20300.0,18.702758620689654,18.702758620689654,1.1253104209899902
100,20500.0,19.224390243902437,19.224390243902437,1.1643626689910889
101,20700.0,18.39135265700483,18.39135265700483,1.129154920578003
102,20900.0,17.31101966601273,17.31101966601273,1.1617352962493896
103,21100.0,18.21739336492891,18.21739336492891,1.2221932411193848
104,21300.0,17.785539906103285,17.785539906103285,1.0537269115447998
105,21500.0,19.52413953488372,19.52413953488372,1.1276195049285889
106,21700.0,17.24036866359447,17.24036866359447,0.9994335174560547
107,21900.0,18.03639601790118,18.03639601790118,1.0249302387237549
108,22100.0,18.328009049773755,18.328009049773755,1.0931532382965088
109,22300.0,18.187533632286996,18.187533632286996,1.091249942779541
110,22500.0,18.145066666666665,18.145066666666665,1.1367487907409668
111,22700.0,17.80828193832599,17.80828193832599,1.1690640449523926
112,22900.0,18.798209606986898,18.798209606986898,1.1420645713806152
113,23100.0,19.074718614718616,19.074718614718616,1.1878323554992676
114,23300.0,18.367424892703863,18.367424892703863,1.1434509754180908
115,23500.0,17.591897527554362,17.591897527554362,1.0943775177001953
116,23700.0,17.366877637130802,17.366877637130802,1.152803897857666
117,23900.0,18.233096234309624,18.233096234309624,1.100172519683838
118,24100.0,18.02215767634855,18.02215767634855,1.1004769802093506
119,24300.0,18.787201646090534,18.787201646090534,1.262927770614624
120,24500.0,17.8019511000449,17.8019511000449,1.1702146530151367
121,24700.0,18.238025831005302,18.238025831005302,1.2010526657104492
122,24900.0,18.34449799196787,18.34449799196787,1.3191895484924316
123,25100.0,18.701474103585657,18.701474103585657,1.236433506011963
124,25300.0,18.008695652173913,18.008695652173913,1.1697356700897217
125,25500.0,18.197725490196078,18.197725490196078,1.2457621097564697
126,25700.0,18.715291828793774,18.715291828793774,1.367873191833496
127,25900.0,18.42027027027027,18.42027027027027,1.2285010814666748
128,26100.0,19.81888888888889,19.81888888888889,1.3958659172058105
129,26300.0,17.823726235741447,17.823726235741447,1.4854190349578857
130,26500.0,17.653798256537982,17.653798256537982,1.4028525352478027
131,26700.0,19.15067415730337,19.15067415730337,1.4292223453521729
132,26900.0,18.165985130111522,18.165985130111522,1.3561248779296875
133,27100.0,18.751476014760147,18.751476014760147,1.3432743549346924
134,27300.0,17.56047619047619,17.56047619047619,1.269683837890625
135,27500.0,19.34490909090909,19.34490909090909,1.3918673992156982
136,27700.0,18.307761732851986,18.307761732851986,1.4011459350585938
137,27900.0,19.552974910394266,19.552974910394266,1.5549390316009521
138,28100.0,18.87967971530249,18.87967971530249,1.4861600399017334
139,28300.0,18.35363957597173,18.35363957597173,1.3482303619384766
140,28500.0,18.347298245614034,18.347298245614034,1.3042593002319336
141,28700.0,17.9001393728223,17.9001393728223,1.3290691375732422
142,28900.0,18.41941176470588,18.41941176470588,1.5070698261260986
143,29100.0,18.47262792535826,18.47262792535826,1.4806125164031982
144,29300.0,18.95433447098976,18.95433447098976,1.431473731994629
145,29500.0,18.88728813559322,18.88728813559322,1.362104892730713
146,29700.0,19.526801346801346,19.526801346801346,1.6543962955474854
147,29900.0,18.12010033444816,18.12010033444816,1.431154727935791
148,30100.0,19.79205980066445,19.79205980066445,1.5965046882629395
149,30300.0,18.80881188118812,18.80881188118812,1.506742238998413
150,30500.0,18.85304918032787,18.85304918032787,1.5091471672058105
151,30700.0,19.010032900094465,19.010032900094465,1.7852897644042969
152,30900.0,19.35378640776699,19.35378640776699,1.6042835712432861
153,31100.0,19.61887459807074,19.61887459807074,1.6857125759124756
154,31300.0,19.862523961661342,19.862523961661342,1.6643803119659424
155,31500.0,18.34064573478523,18.34064573478523,1.540602445602417
156,31700.0,20.15198738170347,20.15198738170347,2.0162432193756104
157,31900.0,19.372413793103448,19.372413793103448,1.7959833145141602
158,32100.0,19.309532710280372,19.309532710280372,1.6785547733306885
159,32300.0,18.290433436532506,18.290433436532506,1.6049747467041016
160,32500.0,18.488661189575065,18.488661189575065,1.656813383102417
161,32700.0,18.183644759778588,18.183644759778588,1.7451059818267822
162,32900.0,19.026170212765958,19.026170212765958,1.6085290908813477
163,33100.0,18.147069486404835,18.147069486404835,0.9946205615997314
164,33300.0,19.063217010030634,19.063217010030634,1.1125435829162598
165,33500.0,18.76916417910448,18.76916417910448,1.0427155494689941
166,33700.0,18.356646884272998,18.356646884272998,1.0466961860656738
167,33900.0,18.55362831858407,18.55362831858407,1.0053799152374268
168,34100.0,18.40058651026393,18.40058651026393,1.09857177734375
169,34300.0,20.425393586005832,20.425393586005832,1.1165907382965088
170,34500.0,19.143391304347826,19.143391304347826,1.0748863220214844
171,34700.0,18.566385198420704,18.566385198420704,1.0416395664215088
172,34900.0,18.680085959885385,18.680085959885385,1.0870647430419922
173,35100.0,19.91119658119658,19.91119658119658,0.9851644039154053
174,35300.0,18.704419263456092,18.704419263456092,1.0092363357543945
175,35500.0,18.660366197183098,18.660366197183098,1.0069332122802734
176,35700.0,18.798963585434173,18.798963585434173,1.0914413928985596
177,35900.0,18.70389972144847,18.70389972144847,1.0544602870941162
178,36100.0,18.949362880886426,18.949362880886426,1.0029642581939697
179,36300.0,18.518595041322314,18.518595041322314,0.9739937782287598
180,36500.0,19.272445820433436,19.272445820433436,1.208630084991455
181,36700.0,19.032561307901908,19.032561307901908,1.167508602142334
182,36900.0,19.559728997289973,19.559728997289973,1.050428867340088
183,37100.0,18.572183288409704,18.572183288409704,1.0672607421875
184,37300.0,19.944343163538875,19.944343163538875,1.3100688457489014
185,37500.0,19.28152,19.28152,1.1766738891601562
186,37700.0,18.774270557029176,18.774270557029176,1.319993019104004
187,37900.0,19.140290237467017,19.140290237467017,1.2842040061950684
188,38100.0,19.895716310567483,19.895716310567483,1.2716045379638672
189,38300.0,19.439843342036554,19.439843342036554,1.1793770790100098
190,38500.0,20.335844155844157,20.335844155844157,1.2656359672546387
191,38700.0,18.93596899224806,18.93596899224806,1.1844542026519775
192,38900.0,18.51647814910026,18.51647814910026,1.1883082389831543
193,39100.0,18.65058823529412,18.65058823529412,1.2080636024475098
194,39300.0,18.982417302798982,18.982417302798982,1.2152836322784424
195,39500.0,19.634556962025318,19.634556962025318,1.2440249919891357
196,39700.0,21.17962216624685,21.17962216624685,1.3558712005615234
197,39900.0,18.9503007518797,18.9503007518797,1.1812386512756348
198,40100.0,19.189426433915212,19.189426433915212,1.267723798751831
199,40300.0,19.073126550868487,19.073126550868487,1.2352397441864014
200,40500.0,18.87695992493642,18.87695992493642,1.6063461303710938
201,40700.0,19.01719901719902,19.01719901719902,1.5799133777618408
202,40900.0,18.949095354523227,18.949095354523227,1.3613948822021484
203,41100.0,19.335912408759125,19.335912408759125,1.3204305171966553
204,41300.0,19.29041162227603,19.29041162227603,1.4683263301849365
205,41500.0,18.586110508686957,18.586110508686957,1.4131457805633545
206,41700.0,19.09623501199041,19.09623501199041,1.2951598167419434
207,41900.0,19.28711902432039,19.28711902432039,1.4576032161712646
208,42100.0,20.959857482185274,20.959857482185274,1.3843729496002197
209,42300.0,20.20406619385343,20.20406619385343,1.3988473415374756
210,42500.0,19.389764705882353,19.389764705882353,1.3968756198883057
211,42700.0,19.666932084309135,19.666932084309135,1.406850814819336
212,42900.0,18.526573426573428,18.526573426573428,1.195359230041504
213,43100.0,19.024199535962875,19.024199535962875,1.3515045642852783
214,43300.0,18.963002309468823,18.963002309468823,1.4175529479980469
215,43500.0,19.73928735632184,19.73928735632184,1.340031385421753
216,43700.0,18.684058766991626,18.684058766991626,1.3180902004241943
217,43900.0,19.08498861047836,19.08498861047836,1.4390110969543457
218,44100.0,19.8724716553288,19.8724716553288,1.3962514400482178
219,44300.0,19.443453724604968,19.443453724604968,1.4688446521759033
220,44500.0,19.446876404494382,19.446876404494382,1.4280483722686768
221,44700.0,19.80744966442953,19.80744966442953,1.339721918106079
222,44900.0,18.92534521158129,18.92534521158129,1.447495698928833
223,45100.0,19.021396895787138,19.021396895787138,1.507983922958374
224,45300.0,21.1813545851914,21.1813545851914,1.5812981128692627
225,45500.0,20.726747252747252,20.726747252747252,1.5253016948699951
226,45700.0,19.80986038776314,19.80986038776314,1.810192346572876
227,45900.0,19.165424836601307,19.165424836601307,1.6996729373931885
228,46100.0,19.920715835141,19.920715835141,1.901458501815796
229,46300.0,20.693434125269977,20.693434125269977,1.850677728652954
230,46500.0,19.171720430107527,19.171720430107527,1.704103708267212
231,46700.0,19.44269807280514,19.44269807280514,1.6391487121582031
232,46900.0,20.338848614072496,20.338848614072496,1.7382681369781494
233,47100.0,19.716108622263743,19.716108622263743,1.650237798690796
234,47300.0,19.776109936575054,19.776109936575054,1.4815845489501953
235,47500.0,20.071180445904123,20.071180445904123,1.6874608993530273
236,47700.0,18.74006289308176,18.74006289308176,1.5171401500701904
237,47900.0,19.9023779202071,19.9023779202071,1.4583711624145508
238,48100.0,20.52794178794179,20.52794178794179,1.5638422966003418
239,48300.0,21.51209109730849,21.51209109730849,1.6175637245178223
240,48500.0,20.402441287449225,20.402441287449225,1.838620901107788
241,48700.0,19.64665297741273,19.64665297741273,1.62666916847229
242,48900.0,18.96359918200409,18.96359918200409,1.5327720642089844
243,49100.0,19.344317718940935,19.344317718940935,1.6580801010131836
244,49300.0,19.666970932473276,19.666970932473276,1.7212984561920166
245,49500.0,19.835771142268374,19.835771142268374,1.570493221282959
246,49700.0,19.57416498993964,19.57416498993964,1.870720386505127
247,49900.0,18.751583166332665,18.751583166332665,1.501490592956543
248,50100.0,19.546087824351297,19.546087824351297,1.678476333618164
249,50300.0,19.76888208513092,19.76888208513092,1.6976535320281982
250,50500.0,19.74370297029703,19.74370297029703,1.7131190299987793
251,50700.0,21.609506903353058,21.609506903353058,1.925100326538086
252,50900.0,19.73166466924694,19.73166466924694,1.6334288120269775
253,51100.0,19.74945205479452,19.74945205479452,1.705164909362793
254,51300.0,19.367816764132552,19.367816764132552,1.6704790592193604
255,51500.0,19.58854368932039,19.58854368932039,1.7120075225830078
256,51700.0,19.597129538288943,19.597129538288943,1.7275807857513428
257,51900.0,18.99028901734104,18.99028901734104,1.7096567153930664
258,52100.0,19.831743411581797,19.831743411581797,1.7580702304840088
259,52300.0,20.35086712939062,20.35086712939062,1.8346800804138184
260,52500.0,19.448266666666665,19.448266666666665,1.8185756206512451
261,52700.0,22.10820144977039,22.10820144977039,2.073418617248535
262,52900.0,19.7783133896671,19.7783133896671,1.7547740936279297
263,53100.0,19.76678092511677,19.76678092511677,1.8646743297576904
264,53300.0,21.072607879924952,21.072607879924952,2.0439329147338867
265,53500.0,20.174542056074767,20.174542056074767,1.9194886684417725
266,53700.0,19.30610800744879,19.30610800744879,1.8685638904571533
267,53900.0,19.92233766233766,19.92233766233766,2.0423336029052734
268,54100.0,20.05417845061831,20.05417845061831,2.0593366622924805
269,54300.0,19.68791896869245,19.68791896869245,1.898249864578247
270,54500.0,20.13108256880734,20.13108256880734,1.9226367473602295
271,54700.0,20.77091407678245,20.77091407678245,1.922151803970337
272,54900.0,19.68832422586521,19.68832422586521,2.059384822845459
273,55100.0,20.74304900181488,20.74304900181488,2.238497257232666
274,55300.0,19.74804246008065,19.74804246008065,2.2109293937683105
275,55500.0,20.32162162162162,20.32162162162162,2.175448179244995
276,55700.0,19.55430879712747,19.55430879712747,1.801361322402954
277,55900.0,19.92175313059034,19.92175313059034,1.961252212524414
278,56100.0,20.853954615946808,20.853954615946808,2.0345020294189453
279,56300.0,21.452326820603908,21.452326820603908,2.3451638221740723
280,56500.0,20.62304424778761,20.62304424778761,2.2070987224578857
281,56700.0,21.00416225749559,21.00416225749559,1.922394037246704
282,56900.0,19.764631445745017,19.764631445745017,1.841261386871338
283,57100.0,19.690082138040946,19.690082138040946,1.9416542053222656
284,57300.0,21.13811518324607,21.13811518324607,1.947479486465454
285,57500.0,19.556600984364945,19.556600984364945,1.89595365524292
286,57700.0,19.768332206797346,19.768332206797346,1.971479892730713
287,57900.0,19.04735751295337,19.04735751295337,1.9500985145568848
288,58100.0,20.09253012048193,20.09253012048193,1.923536777496338
289,58300.0,19.634528301886792,19.634528301886792,1.8216392993927002
290,58500.0,20.14195114446401,20.14195114446401,2.061579465866089
291,58700.0,20.016967632027256,20.016967632027256,1.997584342956543
292,58900.0,19.74074702886248,19.74074702886248,1.9853785037994385
293,59100.0,19.32636762043351,19.32636762043351,2.003377676010132
294,59300.0,20.71220910623946,20.71220910623946,2.045436143875122
295,59500.0,19.53633613445378,19.53633613445378,1.9315836429595947
296,59700.0,19.963031825795646,19.963031825795646,2.0304882526397705
297,59900.0,19.990984974958263,19.990984974958263,2.242483615875244
298,60100.0,19.306855241264557,19.306855241264557,2.054079055786133
299,60300.0,21.411243781094527,21.411243781094527,2.3911359310150146
300,60500.0,20.50523966942149,20.50523966942149,2.256601572036743
301,60700.0,19.851082407987082,19.851082407987082,2.5508172512054443
302,60900.0,19.852512315270936,19.852512315270936,2.2735812664031982
303,61100.0,20.73276595744681,20.73276595744681,2.4325129985809326
304,61300.0,20.589944371033784,20.589944371033784,2.4298577308654785
305,61500.0,20.22221499536578,20.22221499536578,2.2211811542510986
306,61700.0,19.960129659643435,19.960129659643435,2.341630458831787
307,61900.0,19.263828756058157,19.263828756058157,2.340792417526245
308,62100.0,20.34742351046699,20.34742351046699,2.17712664604187
309,62300.0,19.43715890850722,19.43715890850722,2.0572829246520996
310,62500.0,19.31070897134354,19.31070897134354,1.936889886856079
311,62700.0,20.16973157466626,20.16973157466626,2.178496837615967
312,62900.0,22.061987281399045,22.061987281399045,2.185307025909424
313,63100.0,19.945767761771187,19.945767761771187,2.15110182762146
314,63300.0,20.801039510892746,20.801039510892746,2.2445478439331055
315,63500.0,20.473543307086615,20.473543307086615,2.2962028980255127
316,63700.0,19.689450549450548,19.689450549450548,2.292695999145508
317,63900.0,20.72676056338028,20.72676056338028,2.3086371421813965
318,64100.0,19.72166926677067,19.72166926677067,2.5832695960998535
319,64300.0,20.760478390021618,20.760478390021618,2.207390069961548
320,64500.0,20.580412099412396,20.580412099412396,2.539231300354004
321,64700.0,20.18197836166924,20.18197836166924,2.2011945247650146
322,64900.0,21.430468882417294,21.430468882417294,2.413217306137085
323,65100.0,20.189339477726573,20.189339477726573,2.3214571475982666
324,65300.0,20.292281776416537,20.292281776416537,2.5717878341674805
325,65500.0,20.098900763358778,20.098900763358778,2.3618364334106445
326,65700.0,21.386276807866178,21.386276807866178,2.5130503177642822
327,65900.0,21.201672256028164,21.201672256028164,2.519601583480835
328,66100.0,20.334402420574886,20.334402420574886,2.3476626873016357
329,66300.0,21.07781414500973,21.07781414500973,2.537357807159424
330,66500.0,19.306586466165413,19.306586466165413,2.3639495372772217
331,66700.0,20.335582242612332,20.335582242612332,2.1912219524383545
332,66900.0,20.810604361929535,20.810604361929535,2.495396852493286
333,67100.0,20.03472429210134,20.03472429210134,2.289217233657837
334,67300.0,20.148830574459865,20.148830574459865,2.2485337257385254
335,67500.0,20.990251851851852,20.990251851851852,2.5309197902679443
336,67700.0,19.52807976366322,19.52807976366322,2.3336071968078613
337,67900.0,20.4520324005891,20.4520324005891,2.620476484298706
338,68100.0,21.43974214011953,21.43974214011953,2.666248083114624
339,68300.0,19.59028682703993,19.59028682703993,2.3627445697784424
340,68500.0,20.44188321167883,20.44188321167883,2.445911407470703
341,68700.0,19.46558174063669,19.46558174063669,2.667677879333496
342,68900.0,19.90964904641644,19.90964904641644,2.549550771713257
343,69100.0,21.219696092619394,21.219696092619394,2.720851421356201
344,69300.0,20.303708513708514,20.303708513708514,2.7238612174987793
345,69500.0,20.41181887509173,20.41181887509173,2.6327710151672363
346,69700.0,20.596708704572517,20.596708704572517,2.579833745956421
347,69900.0,20.344096482066984,20.344096482066984,2.639204263687134
348,70100.0,20.71485021398003,20.71485021398003,2.5213489532470703
349,70300.0,20.958150187058138,20.958150187058138,2.931997776031494
350,70500.0,20.03400096456637,20.03400096456637,2.5959312915802
351,70700.0,21.122054372118022,21.122054372118022,2.7980918884277344
352,70900.0,20.22444920872239,20.22444920872239,2.6556129455566406
353,71100.0,21.63540978072828,21.63540978072828,2.8815512657165527
354,71300.0,20.172706872370266,20.172706872370266,2.534297227859497
355,71500.0,20.306391608391607,20.306391608391607,2.5314364433288574
356,71700.0,20.62722809562331,20.62722809562331,2.1507039070129395
357,71900.0,20.74002420061475,20.74002420061475,2.576732873916626
358,72100.0,20.328377047588667,20.328377047588667,2.393085479736328
359,72300.0,21.082600276625172,21.082600276625172,2.6017019748687744
360,72500.0,20.19422068965517,20.19422068965517,2.6555118560791016
361,72700.0,20.254542703475977,20.254542703475977,2.7547061443328857
362,72900.0,20.175157750342937,20.175157750342937,2.846355438232422
363,73100.0,20.4115731874145,20.4115731874145,2.7865371704101562
364,73300.0,20.581925836994188,20.581925836994188,2.5874953269958496
365,73500.0,21.49223129251701,21.49223129251701,2.8407559394836426
366,73700.0,19.71408024532219,19.71408024532219,2.728710889816284
367,73900.0,21.36504736129905,21.36504736129905,2.8360402584075928
368,74100.0,19.64574898785425,19.64574898785425,2.5630996227264404
369,74300.0,19.953310901749663,19.953310901749663,2.6428191661834717
370,74500.0,21.357959731543623,21.357959731543623,2.943014621734619
371,74700.0,20.193389469738552,20.193389469738552,2.9463393688201904
372,74900.0,20.930667556742325,20.930667556742325,2.6447463035583496
373,75100.0,21.9176287300763,21.9176287300763,2.6117842197418213
374,75300.0,20.4614271105858,20.4614271105858,2.7596395015716553
375,75500.0,19.726459953111963,19.726459953111963,2.6339285373687744
376,75700.0,20.159564068692205,20.159564068692205,2.757106304168701
377,75900.0,20.211004097550692,20.211004097550692,2.8935418128967285
378,76100.0,21.094691195795008,21.094691195795008,2.752782106399536
379,76300.0,19.99503263519358,19.99503263519358,2.542923927307129
380,76500.0,19.60886559125729,19.60886559125729,2.6277146339416504
381,76700.0,21.75757180667284,21.75757180667284,2.801825523376465
382,76900.0,20.17814044213264,20.17814044213264,2.8399672508239746
383,77100.0,20.522075799631637,20.522075799631637,2.641038417816162
384,77300.0,21.66749893271582,21.66749893271582,2.9989547729492188
385,77500.0,20.680632258064517,20.680632258064517,2.8212413787841797
386,77700.0,20.803099138985058,20.803099138985058,3.320042133331299
387,77900.0,20.9606161745828,20.9606161745828,3.054868459701538
388,78100.0,21.941510134572784,21.941510134572784,3.341198205947876
389,78300.0,20.808094611680865,20.808094611680865,3.2199413776397705
390,78500.0,20.77049389164193,20.77049389164193,3.2810261249542236
391,78700.0,20.32493837200437,20.32493837200437,2.949791431427002
392,78900.0,21.647059569074777,21.647059569074777,3.22721529006958
393,79100.0,20.77881163084703,20.77881163084703,3.0015997886657715
394,79300.0,20.51298250923719,20.51298250923719,3.0768353939056396
395,79500.0,22.122152479905406,22.122152479905406,3.3958487510681152
396,79700.0,20.247597179352056,20.247597179352056,3.3233487606048584
397,79900.0,20.561853863676188,20.561853863676188,3.240567445755005
398,80100.0,20.384519350811484,20.384519350811484,3.103710651397705
399,80300.0,20.22782350963275,20.22782350963275,3.101398468017578
400,80500.0,20.148129743965615,20.148129743965615,2.9774868488311768
401,80700.0,20.19992565055762,20.19992565055762,1.699688196182251
402,80900.0,20.35211372064277,20.35211372064277,2.241981029510498
403,81100.0,19.704019728729964,19.704019728729964,1.648155689239502
404,81300.0,20.51026457890011,20.51026457890011,3.1688549518585205
405,81500.0,21.240726880084416,21.240726880084416,3.2742791175842285
406,81700.0,20.010893512851897,20.010893512851897,3.2991654872894287
407,81900.0,20.313735545868592,20.313735545868592,3.1381924152374268
408,82100.0,20.44266069014239,20.44266069014239,3.233961820602417
409,82300.0,20.093876063183476,20.093876063183476,3.1699204444885254
410,82500.0,20.14367446878144,20.14367446878144,3.0455868244171143
411,82700.0,19.665505816343806,19.665505816343806,3.1261579990386963
412,82900.0,20.57105634567365,20.57105634567365,3.2040207386016846
413,83100.0,19.917184115523465,19.917184115523465,2.9437143802642822
414,83300.0,20.98907549910563,20.98907549910563,3.619757652282715
415,83500.0,20.291827349158062,20.291827349158062,2.8955271244049072
416,83700.0,20.564014336917563,20.564014336917563,3.0915207862854004
417,83900.0,21.9313928818327,21.9313928818327,2.190534830093384
418,84100.0,20.914980142215036,20.914980142215036,1.8956100940704346
419,84300.0,20.620263825950794,20.620263825950794,1.8648536205291748
420,84500.0,21.137977964236264,21.137977964236264,1.8742327690124512
421,84700.0,20.891237101230253,20.891237101230253,1.9693551063537598
422,84900.0,20.063297997644288,20.063297997644288,1.778217077255249
423,85100.0,21.427513836825344,21.427513836825344,1.8184943199157715
424,85300.0,20.61464243845252,20.61464243845252,1.8048698902130127
425,85500.0,20.700476028959404,20.700476028959404,1.9499592781066895
426,85700.0,21.94443407234539,21.94443407234539,1.924778699874878
427,85900.0,20.643534849066928,20.643534849066928,1.8830170631408691
428,86100.0,20.072427409988386,20.072427409988386,1.923619031906128
429,86300.0,20.03301427644387,20.03301427644387,1.8611059188842773
430,86500.0,20.768890173410405,20.768890173410405,1.9916112422943115
431,86700.0,20.218281430219147,20.218281430219147,1.8503978252410889
432,86900.0,20.675301211751574,20.675301211751574,1.9324982166290283
433,87100.0,20.488702381225746,20.488702381225746,1.8818936347961426
434,87300.0,20.05285283909323,20.05285283909323,1.7789523601531982
435,87500.0,20.92512,20.92512,1.8848531246185303
436,87700.0,21.303477765108322,21.303477765108322,2.0233559608459473
437,87900.0,21.908236632536973,21.908236632536973,2.0165982246398926
438,88100.0,20.4627695800227,20.4627695800227,1.9334592819213867
439,88300.0,20.4219818799547,20.4219818799547,1.8394496440887451
440,88500.0,20.980225988700564,20.980225988700564,2.0162222385406494
441,88700.0,21.194556872118063,21.194556872118063,1.9819145202636719
442,88900.0,21.79122139980652,21.79122139980652,1.9776384830474854
443,89100.0,20.62238633430229,20.62238633430229,1.9005520343780518
444,89300.0,20.329641657334825,20.329641657334825,1.964404821395874
445,89500.0,20.263944134078212,20.263944134078212,1.9510903358459473
446,89700.0,21.270075922271648,21.270075922271648,1.9318115711212158
447,89900.0,20.13273637374861,20.13273637374861,2.0815653800964355
448,90100.0,21.40131856423006,21.40131856423006,2.15425443649292
449,90300.0,21.83154479107833,21.83154479107833,2.0264880657196045
450,90500.0,21.454276243093922,21.454276243093922,2.065009117126465
451,90700.0,21.474145534729878,21.474145534729878,2.4410831928253174
452,90900.0,21.116095886643418,21.116095886643418,2.0665957927703857
453,91100.0,20.255414439236436,20.255414439236436,2.0591390132904053
454,91300.0,21.392118205018676,21.392118205018676,2.143986701965332
455,91500.0,21.508213204515897,21.508213204515897,2.2183313369750977
456,91700.0,20.264910195312925,20.264910195312925,2.0340631008148193
457,91900.0,22.377914884819205,22.377914884819205,2.3838372230529785
458,92100.0,21.96796925048046,21.96796925048046,2.2238314151763916
459,92300.0,22.285441879110284,22.285441879110284,2.236680507659912
460,92500.0,20.7583757662245,20.7583757662245,2.0887792110443115
461,92700.0,21.589436551344704,21.589436551344704,2.24835205078125
462,92900.0,20.284078064953658,20.284078064953658,2.098116636276245
463,93100.0,21.424612509264332,21.424612509264332,2.0537757873535156
464,93300.0,20.42073334119337,20.42073334119337,2.1307766437530518
465,93500.0,20.1108128342246,20.1108128342246,2.228182792663574
466,93700.0,21.13725720384205,21.13725720384205,2.389890193939209
467,93900.0,20.754725822426224,20.754725822426224,2.300379991531372
468,94100.0,20.615224391332532,20.615224391332532,2.2443490028381348
469,94300.0,21.82331169932977,21.82331169932977,2.4750144481658936
470,94500.0,20.95549065049684,20.95549065049684,2.23612642288208
471,94700.0,20.462427928784134,20.462427928784134,2.395681142807007
472,94900.0,21.047829797995764,21.047829797995764,2.279557466506958
473,95100.0,20.034732591642307,20.034732591642307,2.1425862312316895
474,95300.0,21.351469045120673,21.351469045120673,2.306252956390381
475,95500.0,22.683190399899477,22.683190399899477,2.484147310256958
476,95700.0,20.107409690801365,20.107409690801365,2.1297788619995117
477,95900.0,20.479843587069865,20.479843587069865,2.192056179046631
478,96100.0,20.59817061749464,20.59817061749464,2.3333330154418945
479,96300.0,21.096054995378974,21.096054995378974,2.26485538482666
480,96500.0,22.056582656275907,22.056582656275907,2.2813923358917236
481,96700.0,21.059080238678785,21.059080238678785,2.325138568878174
482,96900.0,20.27140159138054,20.27140159138054,2.1140544414520264
483,97100.0,20.92555097837281,20.92555097837281,2.23347544670105
484,97300.0,19.947471736896198,19.947471736896198,2.184522867202759
485,97500.0,21.54725225132823,21.54725225132823,2.439403772354126
486,97700.0,20.809861101159708,20.809861101159708,2.21893310546875
487,97900.0,20.54421393476951,20.54421393476951,2.460115671157837
488,98100.0,21.88014148971957,21.88014148971957,2.445924997329712
489,98300.0,20.153063612040814,20.153063612040814,2.2591426372528076
490,98500.0,22.334199679181303,22.334199679181303,2.626375675201416
491,98700.0,20.694553928770453,20.694553928770453,2.3837966918945312
492,98900.0,20.635429726996968,20.635429726996968,2.2806034088134766
493,99100.0,21.808218210440277,21.808218210440277,2.46354341506958
494,99300.0,21.90803347533158,21.90803347533158,2.6078221797943115
495,99500.0,20.442295902471383,20.442295902471383,2.601498603820801
496,99700.0,20.936668104356198,20.936668104356198,2.6654107570648193
497,99900.0,20.97626579110693,20.97626579110693,2.3412091732025146
498,500.0,13.258,13.258,0.008513450622558594
499,700.0,14.23857142857143,14.23857142857143,0.009534120559692383
500,900.0,14.158888888888889,14.158888888888889,0.01450204849243164
501,1100.0,14.656363636363636,14.656363636363636,0.019308090209960938
502,1300.0,14.836153846153847,14.836153846153847,0.02557229995727539
503,1500.0,15.822666666666667,15.822666666666667,0.028590679168701172
504,1700.0,14.484117647058824,14.484117647058824,0.031107187271118164
505,1900.0,15.970526315789474,15.970526315789474,0.03479957580566406
506,2100.0,16.356190476190477,16.356190476190477,0.05068826675415039
507,2300.0,15.021304347826087,15.021304347826087,0.04511594772338867
508,2500.0,16.9412,16.9412,0.050930023193359375
509,2700.0,16.203703703703702,16.203703703703702,0.09190893173217773
510,2900.0,15.898965517241379,15.898965517241379,0.05514669418334961
511,3100.0,16.33451612903226,16.33451612903226,0.0570826530456543
512,3300.0,16.1230303030303,16.1230303030303,0.05176806449890137
513,3500.0,15.824,15.824,0.048419952392578125
514,3700.0,16.29891891891892,16.29891891891892,0.06851577758789062
515,3900.0,16.787179487179486,16.787179487179486,0.06459808349609375
516,4100.0,17.083170731707316,17.083170731707316,0.16159462928771973
517,4300.0,17.387906976744187,17.387906976744187,0.07075643539428711
518,4500.0,18.58377777777778,18.58377777777778,0.09556031227111816
519,4700.0,17.938085106382978,17.938085106382978,0.10730719566345215
520,4900.0,16.89183673469388,16.89183673469388,0.06670451164245605
521,5100.0,16.44529411764706,16.44529411764706,0.14199233055114746
522,5300.0,17.93245283018868,17.93245283018868,0.1018362045288086
523,5500.0,17.66690909090909,17.66690909090909,0.10172033309936523
524,5700.0,16.920701754385966,16.920701754385966,0.12450003623962402
525,5900.0,16.93,16.93,0.18375158309936523
526,6100.0,18.75016393442623,18.75016393442623,0.19398069381713867
527,6300.0,17.166190476190476,17.166190476190476,0.22647929191589355
528,6500.0,17.535692307692308,17.535692307692308,0.11800956726074219
529,6700.0,17.22671641791045,17.22671641791045,0.16774582862854004
530,6900.0,17.81826086956522,17.81826086956522,0.11972451210021973
531,7100.0,18.58732394366197,18.58732394366197,0.12717533111572266
532,7300.0,17.702328767123287,17.702328767123287,0.17405247688293457
533,7500.0,17.7052,17.7052,0.14533591270446777
534,7700.0,18.266493506493507,18.266493506493507,0.15753626823425293
535,7900.0,17.553291139240507,17.553291139240507,0.1520543098449707
536,8100.0,18.533456790123456,18.533456790123456,0.20166444778442383
537,8300.0,18.411807228915663,18.411807228915663,0.1554877758026123
538,8500.0,17.488588235294117,17.488588235294117,0.2176074981689453
539,8700.0,18.88344827586207,18.88344827586207,0.17618823051452637
540,8900.0,18.20876404494382,18.20876404494382,0.1594069004058838
541,9100.0,17.80098901098901,17.80098901098901,0.21402335166931152
542,9300.0,17.84967741935484,17.84967741935484,0.19312644004821777
543,9500.0,18.531157894736843,18.531157894736843,0.19136381149291992
544,9700.0,18.336494845360825,18.336494845360825,0.23159241676330566
545,9900.0,18.486262626262626,18.486262626262626,0.1999351978302002
546,10100.0,19.723663366336634,19.723663366336634,0.24650120735168457
547,10300.0,18.813009708737866,18.813009708737866,0.19878244400024414
548,10500.0,18.84190476190476,18.84190476190476,0.2494823932647705
549,10700.0,18.324392523364487,18.324392523364487,0.2075483798980713
550,10900.0,18.64605504587156,18.64605504587156,0.2553141117095947
551,11100.0,17.733603603603605,17.733603603603605,0.20046401023864746
552,11300.0,18.21504424778761,18.21504424778761,0.28827404975891113
553,11500.0,18.405565217391306,18.405565217391306,0.22536659240722656
554,11700.0,18.09965811965812,18.09965811965812,0.23160076141357422
555,11900.0,18.948487394957983,18.948487394957983,0.30533623695373535
556,12100.0,19.95603305785124,19.95603305785124,0.32228827476501465
557,12300.0,18.968943089430894,18.968943089430894,0.2582097053527832
558,12500.0,18.91288,18.91288,0.3133988380432129
559,12700.0,18.530787401574802,18.530787401574802,0.25617289543151855
560,12900.0,19.774728682170544,19.774728682170544,0.3215444087982178
561,13100.0,20.16412213740458,20.16412213740458,0.3011970520019531
562,13300.0,18.859323308270678,18.859323308270678,0.4613926410675049
563,13500.0,19.282592592592593,19.282592592592593,0.255662202835083
564,13700.0,18.432189781021897,18.432189781021897,0.32347726821899414
565,13900.0,19.19086330935252,19.19086330935252,0.34588170051574707
566,14100.0,18.75439716312057,18.75439716312057,0.283123254776001
567,14300.0,18.957272727272727,18.957272727272727,0.32970333099365234
568,14500.0,20.268137931034484,20.268137931034484,0.33284497261047363
569,14700.0,19.125850340136054,19.125850340136054,0.37136268615722656
570,14900.0,19.883154362416107,19.883154362416107,0.3548421859741211
571,15100.0,19.36,19.36,0.3298470973968506
572,15300.0,18.862679738562093,18.862679738562093,0.34133458137512207
573,15500.0,19.64100909736112,19.64100909736112,0.36998414993286133
574,15700.0,19.154777070063695,19.154777070063695,0.3612985610961914
575,15900.0,20.02805031446541,20.02805031446541,0.3923475742340088
576,16100.0,18.714037267080744,18.714037267080744,0.39023709297180176
577,16300.0,19.91159509202454,19.91159509202454,0.3339207172393799
578,16500.0,19.816121212121214,19.816121212121214,0.46349239349365234
579,16700.0,19.065269461077843,19.065269461077843,0.4156813621520996
580,16900.0,19.284260355029584,19.284260355029584,0.4131612777709961
581,17100.0,19.99309941520468,19.99309941520468,0.37070703506469727
582,17300.0,19.291907514450866,19.291907514450866,0.5445725917816162
583,17500.0,18.958683353334475,18.958683353334475,0.519944429397583
584,17700.0,19.79864406779661,19.79864406779661,0.40979552268981934
585,17900.0,19.45486033519553,19.45486033519553,0.42598438262939453
586,18100.0,19.39613259668508,19.39613259668508,0.5114812850952148
587,18300.0,21.122021857923496,21.122021857923496,0.4568343162536621
588,18500.0,20.095891891891892,20.095891891891892,0.5012867450714111
589,18700.0,21.58716577540107,21.58716577540107,0.4608500003814697
590,18900.0,19.422698412698413,19.422698412698413,0.505889892578125
591,19100.0,19.218010471204188,19.218010471204188,0.45227622985839844
592,19300.0,21.049948186528496,21.049948186528496,0.5739376544952393
593,19500.0,19.395282051282052,19.395282051282052,0.5177257061004639
594,19700.0,19.8343654822335,19.8343654822335,0.6080615520477295
595,19900.0,20.052663316582915,20.052663316582915,0.45179152488708496
596,20100.0,20.09407960199005,20.09407960199005,0.6563262939453125
597,20300.0,21.26912655795852,21.26912655795852,0.6187684535980225
598,20500.0,19.852146341463413,19.852146341463413,0.6103806495666504
599,20700.0,19.96492584182811,19.96492584182811,0.5535869598388672
600,20900.0,21.804593301435407,21.804593301435407,0.543712854385376
601,21100.0,20.73312796208531,20.73312796208531,0.5574965476989746
602,21300.0,20.006948356807513,20.006948356807513,0.4955742359161377
603,21500.0,20.582558139534882,20.582558139534882,0.5412304401397705
604,21700.0,19.8015668202765,19.8015668202765,0.4781763553619385
605,21900.0,20.139680365296805,20.139680365296805,0.6280088424682617
606,22100.0,19.795384615384616,19.795384615384616,0.5254676342010498
607,22300.0,20.787399103139013,20.787399103139013,0.5473613739013672
608,22500.0,20.265244444444445,20.265244444444445,0.6658501625061035
609,22700.0,19.87312216397198,19.87312216397198,0.5425457954406738
610,22900.0,19.8653711790393,19.8653711790393,0.5649511814117432
611,23100.0,21.124545454545455,21.124545454545455,0.6330122947692871
612,23300.0,19.997639484978542,19.997639484978542,0.675626277923584
613,23500.0,20.546297872340425,20.546297872340425,0.5473384857177734
614,23700.0,21.006118143459915,21.006118143459915,0.5446548461914062
615,23900.0,20.882594142259414,20.882594142259414,0.5950827598571777
616,24100.0,22.013402489626557,22.013402489626557,0.611616849899292
617,24300.0,20.000329218106994,20.000329218106994,0.6364798545837402
618,24500.0,20.626448979591835,20.626448979591835,0.6137268543243408
619,24700.0,19.57080971659919,19.57080971659919,0.6024808883666992
620,24900.0,19.88140562248996,19.88140562248996,0.5750617980957031
621,25100.0,19.459858958524244,19.459858958524244,0.6597108840942383
622,25300.0,19.643438735177867,19.643438735177867,0.6573002338409424
623,25500.0,20.024117647058823,20.024117647058823,0.6165344715118408
624,25700.0,19.775875486381324,19.775875486381324,0.5978579521179199
625,25900.0,19.785057915057916,19.785057915057916,0.6707162857055664
626,26100.0,21.589310344827584,21.589310344827584,0.9679923057556152
627,26300.0,21.3738783269962,21.3738783269962,0.850492000579834
628,26500.0,20.478150943396226,20.478150943396226,0.8633840084075928
629,26700.0,19.725655430711612,19.725655430711612,0.6441550254821777
630,26900.0,20.974089219330857,20.974089219330857,0.8323040008544922
631,27100.0,21.077047970479704,21.077047970479704,0.7768154144287109
632,27300.0,20.844065934065934,20.844065934065934,0.6652209758758545
633,27500.0,19.817454545454545,19.817454545454545,0.7028722763061523
634,27700.0,19.993212996389893,19.993212996389893,0.7192080020904541
635,27900.0,20.142293906810036,20.142293906810036,0.821934700012207
636,28100.0,20.556049822064058,20.556049822064058,0.8442373275756836
637,28300.0,20.04724381625442,20.04724381625442,0.746182918548584
638,28500.0,19.751473684210527,19.751473684210527,0.8775815963745117
639,28700.0,20.99445993031359,20.99445993031359,0.9830448627471924
640,28900.0,20.274567474048443,20.274567474048443,1.3071718215942383
641,29100.0,20.828447712979827,20.828447712979827,0.9749734401702881
642,29300.0,19.97863481228669,19.97863481228669,0.8772175312042236
643,29500.0,21.87464406779661,21.87464406779661,0.7954652309417725
644,29700.0,20.58043771043771,20.58043771043771,0.7803280353546143
645,29900.0,20.512709030100336,20.512709030100336,0.7805514335632324
646,30100.0,20.125049833887044,20.125049833887044,0.76688551902771
647,30300.0,20.686326281395427,20.686326281395427,0.9735398292541504
648,30500.0,20.574360655737706,20.574360655737706,0.8002655506134033
649,30700.0,20.380944625407167,20.380944625407167,0.7464003562927246
650,30900.0,21.434563106796116,21.434563106796116,0.8700976371765137
651,31100.0,20.581639871382638,20.581639871382638,0.8230195045471191
652,31300.0,19.885463258785943,19.885463258785943,0.9245836734771729
653,31500.0,20.625333333333334,20.625333333333334,0.7954087257385254
654,31700.0,20.807854889589905,20.807854889589905,0.8085377216339111
655,31900.0,20.735673981191223,20.735673981191223,0.8274936676025391
656,32100.0,21.096822429906542,21.096822429906542,0.8217053413391113
657,32300.0,22.554953560371516,22.554953560371516,0.9789204597473145
658,32500.0,20.566694359826457,20.566694359826457,0.863109827041626
659,32700.0,20.655504587155963,20.655504587155963,0.8906805515289307
660,32900.0,20.20079027355623,20.20079027355623,0.9184584617614746
661,33100.0,20.902836943714313,20.902836943714313,0.8954756259918213
662,33300.0,20.884084084084083,20.884084084084083,0.8270895481109619
663,33500.0,22.12561194029851,22.12561194029851,0.8982932567596436
664,33700.0,20.641858808866733,20.641858808866733,0.9280657768249512
665,33900.0,21.519012360246617,21.519012360246617,1.426112174987793
666,34100.0,20.911290322580644,20.911290322580644,1.13962984085083
667,34300.0,21.1432944606414,21.1432944606414,1.27247953414917
668,34500.0,21.75023188405797,21.75023188405797,1.9955055713653564
669,34700.0,21.1907204610951,21.1907204610951,2.3579859733581543
670,34900.0,20.788481375358167,20.788481375358167,2.1778533458709717
671,35100.0,21.804062909567495,21.804062909567495,2.443964719772339
672,35300.0,21.636657223796036,21.636657223796036,2.2426347732543945
673,35500.0,20.808704225352113,20.808704225352113,2.4468917846679688
674,35700.0,21.071260504201682,21.071260504201682,2.3575596809387207
675,35900.0,22.190306406685238,22.190306406685238,1.0738792419433594
676,36100.0,21.31196675900277,21.31196675900277,0.9793128967285156
677,36300.0,21.36771349862259,21.36771349862259,0.8718795776367188
678,36500.0,20.393315068493152,20.393315068493152,0.9844334125518799
679,36700.0,20.68842988718731,20.68842988718731,1.165536880493164
680,36900.0,22.01528455284553,22.01528455284553,1.4158494472503662
681,37100.0,21.83180592991914,21.83180592991914,1.3699603080749512
682,37300.0,22.585710455764076,22.585710455764076,1.5110077857971191
683,37500.0,20.31432,20.31432,0.976330041885376
684,37700.0,20.433050397877984,20.433050397877984,0.947021484375
685,37900.0,20.926332453825857,20.926332453825857,1.7077984809875488
686,38100.0,20.97724409448819,20.97724409448819,1.4434938430786133
687,38300.0,22.26075718015666,22.26075718015666,1.3849849700927734
688,38500.0,21.475194805194807,21.475194805194807,1.0869932174682617
689,38700.0,21.571125868885503,21.571125868885503,1.3587007522583008
690,38900.0,21.30417234376205,21.30417234376205,1.1324572563171387
691,39100.0,20.70074168797954,20.70074168797954,1.1209228038787842
692,39300.0,20.26236641221374,20.26236641221374,1.075070858001709
693,39500.0,21.31126582278481,21.31126582278481,1.1615393161773682
694,39700.0,21.64395465994962,21.64395465994962,1.2151610851287842
695,39900.0,21.498546365914788,21.498546365914788,1.2463421821594238
696,40100.0,21.537406483790523,21.537406483790523,1.2296955585479736
697,40300.0,21.047619047619047,21.047619047619047,1.25494384765625
698,40500.0,21.23004938271605,21.23004938271605,1.162548542022705
699,40700.0,21.161797587164305,21.161797587164305,1.1546258926391602
700,40900.0,21.861757011173868,21.861757011173868,1.248549461364746
701,41100.0,21.583323195211563,21.583323195211563,1.327073574066162
702,41300.0,21.379791278239182,21.379791278239182,1.2176859378814697
703,41500.0,20.606626506024096,20.606626506024096,1.5458762645721436
704,41700.0,21.537662773687618,21.537662773687618,3.2611806392669678
705,41900.0,20.564701670644393,20.564701670644393,3.2324295043945312
706,42100.0,20.73437054631829,20.73437054631829,3.0121066570281982
707,42300.0,22.038888888888888,22.038888888888888,3.2268545627593994
708,42500.0,21.157717647058824,21.157717647058824,3.1209616661071777
709,42700.0,21.305105386416862,21.305105386416862,3.2876319885253906
710,42900.0,21.347762237762236,21.347762237762236,3.1167945861816406
711,43100.0,20.83122186644392,20.83122186644392,3.444556713104248
712,43300.0,21.678121896579597,21.678121896579597,3.418046474456787
713,43500.0,21.777080459770115,21.777080459770115,3.178511381149292
714,43700.0,22.070983981693363,22.070983981693363,3.456913471221924
715,43900.0,21.722186788154897,21.722186788154897,3.2806055545806885
716,44100.0,21.737120181405896,21.737120181405896,3.3915438652038574
717,44300.0,21.745981941309257,21.745981941309257,3.470273017883301
718,44500.0,21.84687640449438,21.84687640449438,3.2350382804870605
719,44700.0,21.89158836689038,21.89158836689038,3.355721950531006
720,44900.0,21.704922048997773,21.704922048997773,3.415355682373047
721,45100.0,22.435841149471162,22.435841149471162,3.5425331592559814
722,45300.0,21.31655629139073,21.31655629139073,3.4273345470428467
723,45500.0,21.99912087912088,21.99912087912088,3.4756863117218018
724,45700.0,21.414332603938732,21.414332603938732,3.51554012298584
725,45900.0,21.06474945533769,21.06474945533769,3.337815284729004
726,46100.0,21.962710687867414,21.962710687867414,3.6474204063415527
727,46300.0,21.117365010799137,21.117365010799137,3.4943363666534424
728,46500.0,22.656379707090476,22.656379707090476,3.773496150970459
729,46700.0,21.165995717344753,21.165995717344753,2.75335431098938
730,46900.0,21.315998208917033,21.315998208917033,1.3458287715911865
731,47100.0,20.96549820590671,20.96549820590671,1.3858587741851807
732,47300.0,21.644072813378717,21.644072813378717,1.2480978965759277
733,47500.0,22.15482105263158,22.15482105263158,1.7950477600097656
734,47700.0,23.002264150943397,23.002264150943397,1.5174262523651123
735,47900.0,21.898183716075156,21.898183716075156,1.3340516090393066
736,48100.0,20.885405405405404,20.885405405405404,1.342409372329712
737,48300.0,22.04434874428042,22.04434874428042,3.683223247528076
738,48500.0,22.262309278350514,22.262309278350514,3.802124500274658
739,48700.0,21.43206226000534,21.43206226000534,4.093950033187866
740,48900.0,23.3278799157447,23.3278799157447,3.823336124420166
741,49100.0,21.09643584521385,21.09643584521385,3.6995322704315186
742,49300.0,21.87549695740365,21.87549695740365,3.724480152130127
743,49500.0,21.60871936806804,21.60871936806804,4.065447807312012
744,49700.0,22.750472856050546,22.750472856050546,3.837067127227783
745,49900.0,21.417595190380762,21.417595190380762,3.8265984058380127
746,50100.0,21.85133139047467,21.85133139047467,3.9643077850341797
747,50300.0,21.946262425447316,21.946262425447316,3.9274938106536865
748,50500.0,22.206356435643563,22.206356435643563,4.7563276290893555
749,50700.0,21.819644970414203,21.819644970414203,4.216044664382935
750,50900.0,20.8164047151277,20.8164047151277,4.550516128540039
751,51100.0,23.122367906066536,23.122367906066536,3.974398374557495
752,51300.0,21.894327485380117,21.894327485380117,4.0203187465667725
753,51500.0,22.022078098603856,22.022078098603856,4.12097954750061
754,51700.0,21.5873500967118,21.5873500967118,4.547343492507935
755,51900.0,21.058285163776493,21.058285163776493,3.4760141372680664
756,52100.0,22.376660268714012,22.376660268714012,4.199488639831543
757,52300.0,21.73848948374761,21.73848948374761,3.5679454803466797
758,52500.0,21.68281904761905,21.68281904761905,4.100052356719971
759,52700.0,22.910265654648956,22.910265654648956,4.2336719036102295
760,52900.0,22.57697542533081,22.57697542533081,4.99414587020874
761,53100.0,21.45647670345399,21.45647670345399,4.00533652305603
762,53300.0,21.199853655790914,21.199853655790914,4.1167943477630615
763,53500.0,22.144429906542054,22.144429906542054,2.0432374477386475
764,53700.0,22.138736289316373,22.138736289316373,3.636481285095215
765,53900.0,21.05714391732685,21.05714391732685,4.679004669189453
766,54100.0,21.950499075785583,21.950499075785583,4.104637622833252
767,54300.0,21.471500395955726,21.471500395955726,4.168074131011963
768,54500.0,22.189100917431194,22.189100917431194,4.392772436141968
769,54700.0,22.814442413162705,22.814442413162705,4.255993127822876
770,54900.0,22.547468123861567,22.547468123861567,4.6955811977386475
771,55100.0,22.077005444646097,22.077005444646097,4.116968631744385
772,55300.0,22.03887884267631,22.03887884267631,4.411530494689941
773,55500.0,21.2899872069767,21.2899872069767,4.1031153202056885
774,55700.0,21.875511669658888,21.875511669658888,4.2787230014801025
775,55900.0,21.666207513416815,21.666207513416815,4.174787282943726
776,56100.0,22.44572192513369,22.44572192513369,4.6230974197387695
777,56300.0,22.755835020782264,22.755835020782264,4.450960874557495
778,56500.0,21.175808421387988,21.175808421387988,4.22020697593689
779,56700.0,22.771552028218697,22.771552028218697,4.569694519042969
780,56900.0,21.928153394611506,21.928153394611506,4.535928249359131
781,57100.0,22.197604161193716,22.197604161193716,4.697139263153076
782,57300.0,21.914431316427862,21.914431316427862,4.392995357513428
783,57500.0,24.16219412511522,24.16219412511522,4.976239919662476
784,57700.0,22.31796044992114,22.31796044992114,4.869629859924316
785,57900.0,21.71700720219693,21.71700720219693,4.782304525375366
786,58100.0,21.660154905335627,21.660154905335627,4.5556535720825195
787,58300.0,22.083502006929912,22.083502006929912,4.4160685539245605
788,58500.0,21.536666666666665,21.536666666666665,4.860535383224487
789,58700.0,21.531260647359456,21.531260647359456,1.6922171115875244
790,58900.0,22.60477435566573,22.60477435566573,1.677661418914795
791,59100.0,21.85067429228921,21.85067429228921,1.9592504501342773
792,59300.0,21.54345699831366,21.54345699831366,2.1933722496032715
793,59500.0,22.04910924369748,22.04910924369748,1.704977035522461
794,59700.0,22.042713567839197,22.042713567839197,1.643139362335205
795,59900.0,21.913188647746242,21.913188647746242,1.7127830982208252
796,60100.0,22.379617304492513,22.379617304492513,1.8051130771636963
797,60300.0,23.311597207250536,23.311597207250536,1.8476901054382324
798,60500.0,23.073092117225077,23.073092117225077,1.9010236263275146
799,60700.0,23.35148270181219,23.35148270181219,2.079047679901123
800,60900.0,21.28404873723275,21.28404873723275,1.8037328720092773
801,61100.0,22.082193126022915,22.082193126022915,1.693420171737671
802,61300.0,22.799699827074292,22.799699827074292,1.742326259613037
803,61500.0,21.667073170731708,21.667073170731708,1.753282070159912
804,61700.0,22.174008881973485,22.174008881973485,1.9461424350738525
805,61900.0,21.81038772213247,21.81038772213247,1.889167308807373
806,62100.0,21.88370183094736,21.88370183094736,1.8066461086273193
807,62300.0,22.836067415730337,22.836067415730337,1.902777910232544
808,62500.0,22.634432,22.634432,2.243091583251953
809,62700.0,22.841562998405102,22.841562998405102,1.9505953788757324
810,62900.0,22.243704292527823,22.243704292527823,1.884333848953247
811,63100.0,22.821909124047103,22.821909124047103,1.8078393936157227
812,63300.0,22.47503120112482,22.47503120112482,2.0109357833862305
813,63500.0,22.908233330183627,22.908233330183627,2.0022313594818115
814,63700.0,21.102105213582632,21.102105213582632,1.7238154411315918
815,63900.0,22.252179220332085,22.252179220332085,1.8746318817138672
816,64100.0,22.74013635158115,22.74013635158115,2.241314172744751
817,64300.0,21.832252445605686,21.832252445605686,2.8322134017944336
818,64500.0,22.088217054263566,22.088217054263566,1.8301293849945068
819,64700.0,23.31612055641422,23.31612055641422,2.1234021186828613
820,64900.0,21.69375019260994,21.69375019260994,1.9075369834899902
821,65100.0,22.430660522273424,22.430660522273424,2.177485942840576
822,65300.0,22.48691404156266,22.48691404156266,1.976942777633667
823,65500.0,22.325114503816796,22.325114503816796,1.8898801803588867
824,65700.0,22.385287447297525,22.385287447297525,2.095463752746582
825,65900.0,21.656555386949925,21.656555386949925,2.1170058250427246
826,66100.0,22.312965204236008,22.312965204236008,1.914942979812622
827,66300.0,21.616696832579187,21.616696832579187,1.903733730316162
828,66500.0,22.96273684210526,22.96273684210526,2.226515054702759
829,66700.0,22.657391304347826,22.657391304347826,2.5785906314849854
830,66900.0,21.826307922272047,21.826307922272047,2.0008199214935303
831,67100.0,22.246739891801667,22.246739891801667,2.478381395339966
832,67300.0,22.591188707280832,22.591188707280832,2.1896913051605225
833,67500.0,21.749611105349707,21.749611105349707,2.243417739868164
834,67700.0,21.746654258619163,21.746654258619163,2.0111608505249023
835,67900.0,23.189970544919,23.189970544919,2.812926769256592
836,68100.0,23.280356539743607,23.280356539743607,2.4641754627227783
837,68300.0,21.639623415034116,21.639623415034116,2.1246652603149414
838,68500.0,22.02369412245613,22.02369412245613,2.1009068489074707
839,68700.0,21.944701601164482,21.944701601164482,2.0431571006774902
840,68900.0,22.98632801161103,22.98632801161103,2.060256004333496
841,69100.0,21.338847400717842,21.338847400717842,1.9513168334960938
842,69300.0,22.196782106782106,22.196782106782106,2.1901094913482666
843,69500.0,21.970892086330934,21.970892086330934,2.753880500793457
844,69700.0,22.485185876006142,22.485185876006142,2.67885422706604
845,69900.0,21.932288015565316,21.932288015565316,2.173513889312744
846,70100.0,23.145748930099856,23.145748930099856,2.2956109046936035
847,70300.0,23.088351185649866,23.088351185649866,3.101081132888794
848,70500.0,23.5405390070922,23.5405390070922,2.6919403076171875
849,70700.0,21.708737040127865,21.708737040127865,2.2244348526000977
850,70900.0,23.06514809590973,23.06514809590973,2.351522922515869
851,71100.0,23.547722861402573,23.547722861402573,2.167041301727295
852,71300.0,22.30708705591944,22.30708705591944,2.383277177810669
853,71500.0,23.013902292339754,23.013902292339754,2.190995454788208
854,71700.0,22.292956764295678,22.292956764295678,2.2043581008911133
855,71900.0,23.557885952712102,23.557885952712102,2.5142619609832764
856,72100.0,22.436005547850208,22.436005547850208,3.171987771987915
857,72300.0,23.31780522552179,23.31780522552179,2.4697413444519043
858,72500.0,24.005627663829845,24.005627663829845,2.4381940364837646
859,72700.0,21.78461877054705,21.78461877054705,2.1710081100463867
860,72900.0,22.83183121390455,22.83183121390455,2.201746940612793
861,73100.0,22.925293095664784,22.925293095664784,2.3926005363464355
862,73300.0,22.434297407912688,22.434297407912688,2.651390552520752
863,73500.0,22.851397316933795,22.851397316933795,2.3446130752563477
864,73700.0,22.940488466757124,22.940488466757124,2.284263849258423
865,73900.0,22.62489851150203,22.62489851150203,2.421441078186035
866,74100.0,23.04195681511471,23.04195681511471,2.5035181045532227
867,74300.0,23.070040376850606,23.070040376850606,2.3383779525756836
868,74500.0,22.582684563758388,22.582684563758388,2.3887805938720703
869,74700.0,23.37726907630522,23.37726907630522,2.451781749725342
870,74900.0,22.793951935914553,22.793951935914553,2.3691868782043457
871,75100.0,22.116581000825587,22.116581000825587,2.1609768867492676
872,75300.0,24.183813862069883,24.183813862069883,2.5525801181793213
873,75500.0,24.279265675911944,24.279265675911944,2.8711776733398438
874,75700.0,22.86651254953765,22.86651254953765,2.7245380878448486
875,75900.0,22.182187088274045,22.182187088274045,2.4837026596069336
876,76100.0,24.30827858081472,24.30827858081472,2.3182339668273926
877,76300.0,22.299269977326045,22.299269977326045,2.2140390872955322
878,76500.0,23.465547668536022,23.465547668536022,2.356187105178833
879,76700.0,22.684589308996088,22.684589308996088,2.29944109916687
880,76900.0,23.53980597674842,23.53980597674842,2.5195579528808594
881,77100.0,23.480317513845833,23.480317513845833,2.587251663208008
882,77300.0,23.31188874514877,23.31188874514877,2.489161968231201
883,77500.0,22.800162584840898,22.800162584840898,2.5652406215667725
884,77700.0,22.474465894465894,22.474465894465894,2.3012499809265137
885,77900.0,22.067075753880125,22.067075753880125,2.5770459175109863
886,78100.0,22.35465696944864,22.35465696944864,2.463953971862793
887,78300.0,22.384150702426563,22.384150702426563,2.5211780071258545
888,78500.0,22.251901298105707,22.251901298105707,2.4825518131256104
889,78700.0,24.06803222445297,24.06803222445297,2.46551775932312
890,78900.0,21.96363751584284,21.96363751584284,2.884727954864502
891,79100.0,23.380257651803436,23.380257651803436,2.8567569255828857
892,79300.0,21.791997175176867,21.791997175176867,2.274038314819336
893,79500.0,22.035396226415095,22.035396226415095,2.2268378734588623
894,79700.0,21.668469259723963,21.668469259723963,2.3337228298187256
895,79900.0,22.372862900197752,22.372862900197752,2.7801926136016846
896,80100.0,23.098989999875155,23.098989999875155,2.8318769931793213
897,80300.0,22.141720320302866,22.141720320302866,3.325744867324829
898,80500.0,22.837217391304346,22.837217391304346,2.623849630355835
899,80700.0,22.16741223559152,22.16741223559152,2.337507486343384
900,80900.0,22.522750590242154,22.522750590242154,2.530290126800537
901,81100.0,21.999383477188655,21.999383477188655,2.2836318016052246
902,81300.0,21.904563345633456,21.904563345633456,2.4069278240203857
903,81500.0,22.656793334887546,22.656793334887546,2.4396755695343018
904,81700.0,23.01640166954308,23.01640166954308,2.5468521118164062
905,81900.0,22.185521190734928,22.185521190734928,2.488074541091919
906,82100.0,22.518294762484775,22.518294762484775,2.5732178688049316
907,82300.0,23.041142162818954,23.041142162818954,2.6033666133880615
908,82500.0,21.79262778942775,21.79262778942775,2.4941327571868896
909,82700.0,23.87330705233627,23.87330705233627,2.572230339050293
910,82900.0,22.9905304172648,22.9905304172648,2.7655537128448486
911,83100.0,22.45097354930323,22.45097354930323,2.5858261585235596
912,83300.0,22.743697478991596,22.743697478991596,3.2448318004608154
913,83500.0,23.51665868263473,23.51665868263473,3.272207498550415
914,83700.0,23.374998506553244,23.374998506553244,3.5216546058654785
915,83900.0,22.785220500595948,22.785220500595948,2.8984508514404297
916,84100.0,23.880102738504345,23.880102738504345,2.728177785873413
917,84300.0,23.80688747063987,23.80688747063987,2.9533066749572754
918,84500.0,22.909028509213126,22.909028509213126,2.8838818073272705
919,84700.0,22.68383707201889,22.68383707201889,2.6566338539123535
920,84900.0,23.05586704044854,23.05586704044854,2.855018138885498
921,85100.0,23.19218792230226,23.19218792230226,2.8645615577697754
922,85300.0,24.369621796525124,24.369621796525124,3.5787816047668457
923,85500.0,23.024656124263124,23.024656124263124,2.6498830318450928
924,85700.0,23.505513483237845,23.505513483237845,2.595679998397827
925,85900.0,22.665995343422583,22.665995343422583,2.4612464904785156
926,86100.0,22.94732746405259,22.94732746405259,2.4394075870513916
927,86300.0,23.129965237543452,23.129965237543452,2.4810404777526855
928,86500.0,22.869871327992232,22.869871327992232,2.7720305919647217
929,86700.0,22.822629757785467,22.822629757785467,2.57384991645813
930,86900.0,23.000402766429993,23.000402766429993,2.6692655086517334
931,87100.0,22.99055098221564,22.99055098221564,2.510634183883667
932,87300.0,23.683436426116838,23.683436426116838,2.5398805141448975
933,87500.0,23.359048206816155,23.359048206816155,4.217337608337402
934,87700.0,22.571079968528,22.571079968528,4.547093868255615
935,87900.0,22.793442399144464,22.793442399144464,4.270951986312866
936,88100.0,23.287566119548686,23.287566119548686,4.575956344604492
937,88300.0,23.012933182332954,23.012933182332954,4.428443670272827
938,88500.0,23.023774279935367,23.023774279935367,4.390150785446167
939,88700.0,21.991115921441295,21.991115921441295,4.268536567687988
940,88900.0,22.037683637427165,22.037683637427165,4.151063680648804
941,89100.0,23.413602693602694,23.413602693602694,4.414510488510132
942,89300.0,23.68297162310466,23.68297162310466,4.377722501754761
943,89500.0,22.604659217877096,22.604659217877096,4.67014741897583
944,89700.0,22.421939799331103,22.421939799331103,4.1916069984436035
945,89900.0,24.17456062291435,24.17456062291435,4.763761520385742
946,90100.0,22.54826859045505,22.54826859045505,3.893383026123047
947,90300.0,22.449246954595793,22.449246954595793,4.586841583251953
948,90500.0,22.87922518480867,22.87922518480867,4.312510251998901
949,90700.0,24.109272326350606,24.109272326350606,4.643029451370239
950,90900.0,22.632552255225523,22.632552255225523,4.566554307937622
951,91100.0,22.95445664105379,22.95445664105379,4.4542810916900635
952,91300.0,23.88329682365827,23.88329682365827,4.68248724937439
953,91500.0,23.624907103825137,23.624907103825137,4.471827983856201
954,91700.0,23.053763440860216,23.053763440860216,4.7315332889556885
955,91900.0,22.338219131873036,22.338219131873036,4.436755895614624
956,92100.0,23.388966101326847,23.388966101326847,4.625928163528442
957,92300.0,23.853369447453954,23.853369447453954,4.537117958068848
958,92500.0,22.422565056163982,22.422565056163982,4.322514533996582
959,92700.0,22.14784409756308,22.14784409756308,4.471402406692505
960,92900.0,22.926822179402993,22.926822179402993,4.540058135986328
961,93100.0,23.295349087003224,23.295349087003224,4.47151517868042
962,93300.0,23.05308738571689,23.05308738571689,4.680829048156738
963,93500.0,23.238930481283422,23.238930481283422,4.838115215301514
964,93700.0,23.824279615795092,23.824279615795092,4.514478445053101
965,93900.0,22.988807003344053,22.988807003344053,4.567831516265869
966,94100.0,22.533018767667752,22.533018767667752,4.377626419067383
967,94300.0,22.373889159897345,22.373889159897345,4.4919188022613525
968,94500.0,22.773513227513227,22.773513227513227,5.335197925567627
969,94700.0,23.356435329897778,23.356435329897778,4.994543552398682
970,94900.0,23.892534985668522,23.892534985668522,4.906003475189209
971,95100.0,23.24958199695042,23.24958199695042,5.284239768981934
972,95300.0,22.512261408829055,22.512261408829055,5.267497777938843
973,95500.0,23.822090514984605,23.822090514984605,5.371644020080566
974,95700.0,22.226353187042843,22.226353187042843,5.502599477767944
975,95900.0,22.922198585997624,22.922198585997624,5.488564968109131
976,96100.0,23.065411710839864,23.065411710839864,5.0302557945251465
977,96300.0,23.470067186575147,23.470067186575147,5.347657680511475
978,96500.0,24.770899180302386,24.770899180302386,5.36250638961792
979,96700.0,22.562783097892407,22.562783097892407,5.120690584182739
980,96900.0,23.47300253875209,23.47300253875209,5.185960054397583
981,97100.0,22.24605814683982,22.24605814683982,5.384571075439453
982,97300.0,22.5788591983556,22.5788591983556,5.246596097946167
983,97500.0,22.939660919599174,22.939660919599174,5.591453552246094
984,97700.0,24.44929271837704,24.44929271837704,5.5664684772491455
985,97900.0,23.67668028600613,23.67668028600613,5.3308868408203125
986,98100.0,23.195690068196413,23.195690068196413,5.423972845077515
987,98300.0,22.231317015605608,22.231317015605608,5.2099690437316895
988,98500.0,23.071939086294417,23.071939086294417,5.211129903793335
989,98700.0,22.67383661435273,22.67383661435273,5.323002338409424
990,98900.0,23.504823248665264,23.504823248665264,5.572895288467407
991,99100.0,22.794770885679977,22.794770885679977,5.1600236892700195
992,99300.0,22.911589357288165,22.911589357288165,5.3317577838897705
993,99500.0,22.607654348284907,22.607654348284907,5.273003339767456
994,99700.0,24.687834137436433,24.687834137436433,5.687277555465698
995,99900.0,23.69828828828829,23.69828828828829,5.573328971862793
