,set_size,average_insert,average_find,collision_rate,time
0,500.0,8.578,8.578,0.564,0.0055124759674072266
1,600.0,2.9516666666666667,2.9516666666666667,0.47833333333333333,0.004954814910888672
2,700.0,5.48,5.48,0.7085714285714285,0.009549379348754883
3,800.0,5.0975,5.0975,0.5825,0.00624537467956543
4,900.0,7.025555555555556,7.025555555555556,0.7311111111111112,0.009280681610107422
5,1000.0,8.669,8.669,0.557,0.009354591369628906
6,1100.0,2.710909090909091,2.710909090909091,0.5081818181818182,0.01205134391784668
7,1200.0,3.6225,3.6225,0.5591666666666667,0.0180819034576416
8,1300.0,5.805384615384615,5.805384615384615,0.713076923076923,0.009512662887573242
9,1400.0,5.425,5.425,0.69,0.008559703826904297
10,1500.0,6.51,6.51,0.544,0.011259317398071289
11,1600.0,4.229375,4.229375,0.573125,0.009469032287597656
12,1700.0,2.719411764705882,2.719411764705882,0.5058823529411764,0.009651422500610352
13,1800.0,7.115,7.115,0.7372222222222222,0.014634370803833008
14,1900.0,5.604736842105263,5.604736842105263,0.7221052631578947,0.019278287887573242
15,2000.0,10.3285,10.3285,0.5945,0.017070770263671875
16,2100.0,5.423809523809524,5.423809523809524,0.6980952380952381,0.017175674438476562
17,2200.0,2.9286363636363637,2.9286363636363637,0.5236363636363637,0.014756202697753906
18,2300.0,2.7356521739130435,2.7356521739130435,0.5060869565217392,0.01451563835144043
19,2400.0,5.49375,5.49375,0.5716666666666667,0.021592140197753906
20,2500.0,6.5036,6.5036,0.5444,0.021648406982421875
21,2600.0,5.75076923076923,5.75076923076923,0.7069230769230769,0.020426034927368164
22,2700.0,11.768518518518519,11.768518518518519,0.8085185185185185,0.02788543701171875
23,2800.0,7.6775,7.6775,0.7239285714285715,0.025322675704956055
24,2900.0,2.757241379310345,2.757241379310345,0.5189655172413793,0.022527217864990234
25,3000.0,7.159666666666666,7.159666666666666,0.5526666666666666,0.028080463409423828
26,3100.0,6.755483870967742,6.755483870967742,0.7235483870967742,0.041778564453125
27,3200.0,7.18125,7.18125,0.5915625,0.025533437728881836
28,3300.0,2.9518181818181817,2.9518181818181817,0.51,0.021175146102905273
29,3400.0,2.7920588235294117,2.7920588235294117,0.5223529411764706,0.021018028259277344
30,3500.0,17.493714285714287,17.493714285714287,0.7137142857142857,0.038709163665771484
31,3600.0,9.515555555555556,9.515555555555556,0.7558333333333334,0.02929830551147461
32,3700.0,6.071081081081081,6.071081081081081,0.7264864864864865,0.026536941528320312
33,3800.0,6.309473684210526,6.309473684210526,0.723421052631579,0.03198814392089844
34,3900.0,5.773333333333333,5.773333333333333,0.7115384615384616,0.03214097023010254
35,4000.0,13.885,13.885,0.60425,0.037424564361572266
36,4100.0,2.815609756097561,2.815609756097561,0.5126829268292683,0.029828786849975586
37,4200.0,5.2126190476190475,5.2126190476190475,0.6983333333333334,0.029570817947387695
38,4300.0,6.327674418604651,6.327674418604651,0.7318604651162791,0.03208422660827637
39,4400.0,3.6911363636363634,3.6911363636363634,0.5470454545454545,0.025577068328857422
40,4500.0,19.518,19.518,0.7446666666666667,0.05515408515930176
41,4600.0,2.796086956521739,2.796086956521739,0.4989130434782609,0.03408646583557129
42,4700.0,2.876382978723404,2.876382978723404,0.5110638297872341,0.0388638973236084
43,4800.0,5.119583333333333,5.119583333333333,0.56625,0.041049957275390625
44,4900.0,7.551428571428572,7.551428571428572,0.7481632653061224,0.03804135322570801
45,5000.0,7.2162,7.2162,0.5534,0.04024314880371094
46,5100.0,2.7972549019607844,2.7972549019607844,0.5129411764705882,0.03307676315307617
47,5200.0,8.099038461538461,8.099038461538461,0.7321153846153846,0.04812955856323242
48,5300.0,2.749622641509434,2.749622641509434,0.5035849056603774,0.036760568618774414
49,5400.0,12.044444444444444,12.044444444444444,0.8088888888888889,0.06144452095031738
50,5500.0,7.059636363636364,7.059636363636364,0.5530909090909091,0.05108046531677246
51,5600.0,10.895,10.895,0.73375,0.060504913330078125
52,5700.0,6.681052631578948,6.681052631578948,0.724561403508772,0.057093143463134766
53,5800.0,2.719310344827586,2.719310344827586,0.5072413793103449,0.040973663330078125
54,5900.0,2.7735593220338983,2.7735593220338983,0.511864406779661,0.0431060791015625
55,6000.0,9.9175,9.9175,0.5888333333333333,0.05848121643066406
56,6100.0,6.047704918032787,6.047704918032787,0.7250819672131148,0.05731964111328125
57,6200.0,6.668064516129032,6.668064516129032,0.7275806451612903,0.09006428718566895
58,6300.0,16.18,16.18,0.8679365079365079,0.0825948715209961
59,6400.0,11.82484375,11.82484375,0.59375,0.06566405296325684
60,6500.0,17.142307692307693,17.142307692307693,0.7290769230769231,0.0747218132019043
61,6600.0,2.8162121212121214,2.8162121212121214,0.5121212121212121,0.0467371940612793
62,6700.0,6.272985074626866,6.272985074626866,0.7304477611940299,0.057749032974243164
63,6800.0,3.617205882352941,3.617205882352941,0.5501470588235294,0.05769848823547363
64,6900.0,2.7495652173913046,2.7495652173913046,0.5056521739130435,0.05228543281555176
65,7000.0,16.312571428571427,16.312571428571427,0.7161428571428572,0.0851283073425293
66,7100.0,2.808450704225352,2.808450704225352,0.5076056338028169,0.053333282470703125
67,7200.0,15.482777777777779,15.482777777777779,0.7616666666666667,0.0835118293762207
68,7300.0,6.323424657534247,6.323424657534247,0.7273972602739726,0.05988025665283203
69,7400.0,5.7775675675675675,5.7775675675675675,0.7295945945945946,0.06252813339233398
70,7500.0,7.232,7.232,0.5466666666666666,0.07207059860229492
71,7600.0,8.500657894736841,8.500657894736841,0.7393421052631579,0.0727224349975586
72,7700.0,5.474935064935065,5.474935064935065,0.6935064935064935,0.06604194641113281
73,7800.0,5.712435897435897,5.712435897435897,0.7133333333333334,0.07268929481506348
74,7900.0,7.032025316455696,7.032025316455696,0.7320253164556962,0.08443713188171387
75,8000.0,14.76575,14.76575,0.61775,0.09915852546691895
76,8100.0,12.783703703703704,12.783703703703704,0.807037037037037,0.08711552619934082
77,8200.0,2.7998780487804877,2.7998780487804877,0.5089024390243903,0.06175994873046875
78,8300.0,2.887831325301205,2.887831325301205,0.5063855421686747,0.05706024169921875
79,8400.0,7.152142857142858,7.152142857142858,0.7209523809523809,0.07381939888000488
80,8500.0,6.581176470588235,6.581176470588235,0.5492941176470588,0.0744638442993164
81,8600.0,6.093837209302325,6.093837209302325,0.7287209302325581,0.0719599723815918
82,8700.0,2.7528735632183907,2.7528735632183907,0.5052873563218391,0.0729529857635498
83,8800.0,5.05,5.05,0.5776136363636364,0.0683751106262207
84,8900.0,2.6730337078651685,2.6730337078651685,0.5080898876404495,0.08362865447998047
85,9000.0,21.528,21.528,0.7525555555555555,0.12425112724304199
86,9100.0,13.655604395604396,13.655604395604396,0.8504395604395605,0.09885525703430176
87,9200.0,3.6093478260869567,3.6093478260869567,0.5528260869565217,0.05985093116760254
88,9300.0,6.75010752688172,6.75010752688172,0.7330107526881721,0.08090353012084961
89,9400.0,2.816382978723404,2.816382978723404,0.5085106382978724,0.06426596641540527
90,9500.0,18.23505263157895,18.23505263157895,0.7374736842105263,0.10923576354980469
91,9600.0,6.913125,6.913125,0.5876041666666667,0.09124350547790527
92,9700.0,6.306701030927835,6.306701030927835,0.7317525773195876,0.08647680282592773
93,9800.0,7.655102040816327,7.655102040816327,0.7508163265306123,0.08659172058105469
94,9900.0,7.225656565656566,7.225656565656566,0.737979797979798,0.08468484878540039
95,10000.0,9.0285,9.0285,0.5894,0.08956694602966309
96,10100.0,2.807029702970297,2.807029702970297,0.5065346534653465,0.06868910789489746
97,10200.0,2.8664705882352943,2.8664705882352943,0.5065686274509804,0.06397032737731934
98,10300.0,6.7975728155339805,6.7975728155339805,0.7363106796116505,0.0672459602355957
99,10400.0,11.77125,11.77125,0.7441346153846153,0.11684823036193848
100,10500.0,16.86885714285714,16.86885714285714,0.715047619047619,0.1498401165008545
101,10600.0,2.7783018867924527,2.7783018867924527,0.5076415094339622,0.10369205474853516
102,10700.0,2.708785046728972,2.708785046728972,0.5070093457943925,0.06995773315429688
103,10800.0,16.33,16.33,0.8192592592592592,0.11445498466491699
104,10900.0,6.796697247706422,6.796697247706422,0.7346788990825688,0.08329272270202637
105,11000.0,6.826272727272728,6.826272727272728,0.5477272727272727,0.09485888481140137
106,11100.0,5.929459459459459,5.929459459459459,0.7275675675675676,0.0937948226928711
107,11200.0,10.418660714285714,10.418660714285714,0.7274107142857142,0.09681010246276855
108,11300.0,2.721504424778761,2.721504424778761,0.5049557522123894,0.12943649291992188
109,11400.0,6.133421052631579,6.133421052631579,0.719561403508772,0.14160442352294922
110,11500.0,7.326434782608696,7.326434782608696,0.5537391304347826,0.09430384635925293
111,11600.0,3.6514655172413795,3.6514655172413795,0.5497413793103448,0.07468485832214355
112,11700.0,15.388461538461538,15.388461538461538,0.8788888888888889,0.1330430507659912
113,11800.0,2.7290677966101695,2.7290677966101695,0.5159322033898305,0.08714127540588379
114,11900.0,5.373445378151261,5.373445378151261,0.6995798319327731,0.09050130844116211
115,12000.0,14.810833333333333,14.810833333333333,0.6119166666666667,0.1287398338317871
116,12100.0,4.426363636363637,4.426363636363637,0.5498347107438016,0.08694291114807129
117,12200.0,6.695983606557377,6.695983606557377,0.7295081967213115,0.10206818580627441
118,12300.0,2.7465040650406505,2.7465040650406505,0.5041463414634146,0.0892798900604248
119,12400.0,9.483548387096775,9.483548387096775,0.7525,0.1309814453125
120,12500.0,11.33904,11.33904,0.5512,0.16118812561035156
121,12600.0,16.26547619047619,16.26547619047619,0.8676190476190476,0.14124512672424316
122,12700.0,6.416850393700788,6.416850393700788,0.7318897637795275,0.10629653930664062
123,12800.0,10.1278125,10.1278125,0.586015625,0.11043858528137207
124,12900.0,6.513720930232558,6.513720930232558,0.7348062015503876,0.11830759048461914
125,13000.0,16.333692307692306,16.333692307692306,0.7286153846153847,0.17600417137145996
126,13100.0,2.753969465648855,2.753969465648855,0.5053435114503817,0.10991835594177246
127,13200.0,3.6381060606060607,3.6381060606060607,0.5501515151515152,0.09754753112792969
128,13300.0,14.967593984962406,14.967593984962406,0.8575187969924812,0.13878774642944336
129,13400.0,6.540373134328358,6.540373134328358,0.7344776119402985,0.09767889976501465
130,13500.0,33.840074074074074,33.840074074074074,0.8162222222222222,0.2229001522064209
131,13600.0,4.878602941176471,4.878602941176471,0.5761764705882353,0.10978579521179199
132,13700.0,2.8706569343065693,2.8706569343065693,0.5137226277372263,0.10044074058532715
133,13800.0,2.7831159420289855,2.7831159420289855,0.5076086956521739,0.08703947067260742
134,13900.0,6.75546762589928,6.75546762589928,0.7323021582733813,0.10916829109191895
135,14000.0,22.724071428571428,22.724071428571428,0.7385714285714285,0.17527246475219727
136,14100.0,2.806241134751773,2.806241134751773,0.5129787234042553,0.0978546142578125
137,14200.0,2.768732394366197,2.768732394366197,0.5119014084507042,0.09621524810791016
138,14300.0,5.338741258741258,5.338741258741258,0.7107692307692308,0.13692188262939453
139,14400.0,15.484930555555556,15.484930555555556,0.7625,0.14398527145385742
140,14500.0,6.86151724137931,6.86151724137931,0.5557931034482758,0.1148979663848877
141,14600.0,6.6374657534246575,6.6374657534246575,0.7345205479452055,0.11388421058654785
142,14700.0,7.966938775510204,7.966938775510204,0.7522448979591837,0.12275242805480957
143,14800.0,8.112702702702702,8.112702702702702,0.7427702702702703,0.1413416862487793
144,14900.0,2.827718120805369,2.827718120805369,0.5142953020134228,0.1081082820892334
145,15000.0,6.672933333333333,6.672933333333333,0.5527333333333333,0.10608792304992676
146,15100.0,6.832052980132451,6.832052980132451,0.7358940397350994,0.12638306617736816
147,15200.0,14.45296052631579,14.45296052631579,0.7535526315789474,0.15903902053833008
148,15300.0,7.081111111111111,7.081111111111111,0.7362745098039216,0.13522553443908691
149,15400.0,5.4583766233766235,5.4583766233766235,0.6966233766233766,0.1268010139465332
150,15500.0,19.251290322580644,19.251290322580644,0.748,0.24407148361206055
151,15600.0,8.064166666666667,8.064166666666667,0.737051282051282,0.13677167892456055
152,15700.0,6.803312101910828,6.803312101910828,0.7331210191082802,0.127000093460083
153,15800.0,6.722721518987342,6.722721518987342,0.7333544303797468,0.1566638946533203
154,15900.0,2.7774842767295596,2.7774842767295596,0.5049056603773585,0.13698577880859375
155,16000.0,21.5444375,21.5444375,0.6243125,0.2310018539428711
156,16100.0,5.549937888198758,5.549937888198758,0.7003105590062112,0.11681032180786133
157,16200.0,14.205555555555556,14.205555555555556,0.8102469135802469,0.1699814796447754
158,16300.0,7.160245398773006,7.160245398773006,0.7354438922633291,0.12981939315795898
159,16400.0,3.652439024390244,3.652439024390244,0.5498780487804878,0.1217191219329834
160,16500.0,6.617454545454545,6.617454545454545,0.5515757575757576,0.12921404838562012
161,16600.0,2.757409638554217,2.757409638554217,0.5064457831325301,0.09792280197143555
162,16700.0,2.797604790419162,2.797604790419162,0.5067065868263473,0.10292816162109375
163,16800.0,11.103452380952382,11.103452380952382,0.7294047619047619,0.15836763381958008
164,16900.0,7.518639053254438,7.518639053254438,0.7441420118343195,0.15161991119384766
165,17000.0,6.899235294117647,6.899235294117647,0.5524117647058824,0.13699555397033691
166,17100.0,19.737485380116958,19.737485380116958,0.8846198830409356,0.19838571548461914
167,17200.0,8.981627906976744,8.981627906976744,0.7468023255813954,0.15316343307495117
168,17300.0,2.806820809248555,2.806820809248555,0.506242774566474,0.10944962501525879
169,17400.0,2.7936781609195402,2.7936781609195402,0.5075287356321839,0.11943721771240234
170,17500.0,16.76902857142857,16.76902857142857,0.7153142857142857,0.20787787437438965
171,17600.0,5.084204545454545,5.084204545454545,0.5798863636363636,0.1222832202911377
172,17700.0,2.7840112994350283,2.7840112994350283,0.5071186440677966,0.1147913932800293
173,17800.0,2.8195505617977528,2.8195505617977528,0.5076966292134831,0.12306737899780273
174,17900.0,2.7934078212290503,2.7934078212290503,0.5115642458100559,0.17339825630187988
175,18000.0,29.503055555555555,29.503055555555555,0.7664444444444445,0.2985663414001465
176,18100.0,6.800386740331492,6.800386740331492,0.7362983425414364,0.1454918384552002
177,18200.0,13.857857142857142,13.857857142857142,0.8535164835164836,0.20189905166625977
178,18300.0,6.449344262295082,6.449344262295082,0.7312021857923497,0.15390300750732422
179,18400.0,5.124402173913044,5.124402173913044,0.5857608695652174,0.12828421592712402
180,18500.0,18.025027027027026,18.025027027027026,0.7430810810810811,0.20705676078796387
181,18600.0,6.569462365591398,6.569462365591398,0.7288172043010752,0.1449906826019287
182,18700.0,2.8241176470588236,2.8241176470588236,0.508288770053476,0.12661409378051758
183,18800.0,3.552127659574468,3.552127659574468,0.5493617021276596,0.14580178260803223
184,18900.0,29.391640211640212,29.391640211640212,0.9034391534391535,0.3063793182373047
185,19000.0,17.26078947368421,17.26078947368421,0.7372105263157894,0.21945762634277344
186,19100.0,2.7885340314136124,2.7885340314136124,0.5099476439790576,0.12524032592773438
187,19200.0,10.78578125,10.78578125,0.5948958333333333,0.17798209190368652
188,19300.0,6.434922279792747,6.434922279792747,0.7360621761658032,0.22807812690734863
189,19400.0,6.659226804123711,6.659226804123711,0.7351546391752577,0.2014455795288086
190,19500.0,17.171846153846154,17.171846153846154,0.7301538461538462,0.268688440322876
191,19600.0,10.796224489795918,10.796224489795918,0.7696938775510204,0.19632482528686523
192,19700.0,2.791776649746193,2.791776649746193,0.5087817258883248,0.13881492614746094
193,19800.0,7.102020202020202,7.102020202020202,0.7393939393939394,0.15710902214050293
194,19900.0,6.906683417085427,6.906683417085427,0.7359798994974874,0.15760517120361328
195,20000.0,15.4385,15.4385,0.6178,0.22553539276123047
196,20100.0,6.476119402985074,6.476119402985074,0.7323383084577114,0.15483999252319336
197,20200.0,2.77990099009901,2.77990099009901,0.5083168316831683,0.13251376152038574
198,20300.0,5.601034482758621,5.601034482758621,0.7033004926108375,0.1709291934967041
199,20400.0,3.5422549019607845,3.5422549019607845,0.5500980392156862,0.16115975379943848
200,20500.0,7.08790243902439,7.08790243902439,0.5541463414634147,0.17124509811401367
201,20600.0,7.001893203883495,7.001893203883495,0.7369902912621359,0.16417884826660156
202,20700.0,7.127826086956522,7.127826086956522,0.7382125603864734,0.1755988597869873
203,20800.0,11.867115384615385,11.867115384615385,0.745048076923077,0.21342921257019043
204,20900.0,6.1583732057416265,6.1583732057416265,0.7235406698564594,0.18337035179138184
205,21000.0,16.362142857142857,16.362142857142857,0.7176666666666667,0.3307199478149414
206,21100.0,7.0460189573459715,7.0460189573459715,0.7366824644549763,0.24929308891296387
207,21200.0,3.6241037735849058,3.6241037735849058,0.5548584905660378,0.1735396385192871
208,21300.0,2.7869483568075117,2.7869483568075117,0.5076056338028169,0.13541913032531738
209,21400.0,2.7816822429906543,2.7816822429906543,0.5063084112149533,0.13983941078186035
210,21500.0,18.976511627906977,18.976511627906977,0.7474883720930232,0.2786984443664551
211,21600.0,24.939537037037038,24.939537037037038,0.8256944444444444,0.3174629211425781
212,21700.0,14.688248847926268,14.688248847926268,0.8623041474654378,0.2408607006072998
213,21800.0,6.716880733944954,6.716880733944954,0.735,0.1928880214691162
214,21900.0,6.758173515981735,6.758173515981735,0.7335616438356164,0.28130197525024414
215,22000.0,9.577272727272728,9.577272727272728,0.5927272727272728,0.22575139999389648
216,22100.0,5.53552036199095,5.53552036199095,0.714027149321267,0.1882314682006836
217,22200.0,6.351846846846847,6.351846846846847,0.7301801801801802,0.17686128616333008
218,22300.0,7.50982062780269,7.50982062780269,0.7366816143497757,0.18638968467712402
219,22400.0,15.639776785714286,15.639776785714286,0.7357589285714285,0.26191186904907227
220,22500.0,22.585466666666665,22.585466666666665,0.7501777777777778,0.2991611957550049
221,22600.0,2.7934513274336283,2.7934513274336283,0.5090707964601769,0.13701105117797852
222,22700.0,2.8090308370044053,2.8090308370044053,0.5144493392070485,0.1456763744354248
223,22800.0,8.966140350877193,8.966140350877193,0.7428947368421053,0.19369077682495117
224,22900.0,7.1273362445414845,7.1273362445414845,0.7379475982532752,0.19316411018371582
225,23000.0,6.972782608695653,6.972782608695653,0.554695652173913,0.18394923210144043
226,23100.0,5.487792207792208,5.487792207792208,0.701948051948052,0.18186092376708984
227,23200.0,5.082370689655172,5.082370689655172,0.5809051724137931,0.19765114784240723
228,23300.0,2.8084549356223176,2.8084549356223176,0.5100008584427848,0.1574723720550537
229,23400.0,15.04508547008547,15.04508547008547,0.8776495726495727,0.2421245574951172
230,23500.0,6.561574468085106,6.561574468085106,0.5511914893617021,0.18117213249206543
231,23600.0,3.5916525423728816,3.5916525423728816,0.5555508474576272,0.16249752044677734
232,23700.0,6.709324894514768,6.709324894514768,0.7334486687201992,0.26316165924072266
233,23800.0,5.520252100840336,5.520252100840336,0.7035294117647058,0.243117094039917
234,23900.0,2.7661924686192467,2.7661924686192467,0.5103765690376569,0.25513768196105957
235,24000.0,15.884291666666666,15.884291666666666,0.6192916666666667,0.316558837890625
236,24100.0,6.817551867219917,6.817551867219917,0.736597510373444,0.19199919700622559
237,24200.0,4.7101652892561985,4.7101652892561985,0.5526446280991736,0.18202590942382812
238,24300.0,30.366748971193417,30.366748971193417,0.8306172839506173,0.38977885246276855
239,24400.0,9.075696721311475,9.075696721311475,0.7497540983606558,0.22713541984558105
240,24500.0,26.89061224489796,26.89061224489796,0.7689795918367347,0.4135894775390625
241,24600.0,2.7478455284552847,2.7478455284552847,0.505650406504065,0.17477869987487793
242,24700.0,15.968137651821863,15.968137651821863,0.8711740890688259,0.2672882080078125
243,24800.0,14.474798387096774,14.474798387096774,0.7593145161290322,0.5072221755981445
244,24900.0,2.814738955823293,2.814738955823293,0.5106827309236948,0.590226411819458
245,25000.0,12.13608,12.13608,0.55588,0.8050730228424072
246,25100.0,2.8386454183266934,2.8386454183266934,0.5151394422310757,0.37578439712524414
247,25200.0,23.489920634920637,23.489920634920637,0.8759523809523809,1.0458776950836182
248,25300.0,2.830909090909091,2.830909090909091,0.5138735177865613,0.5542919635772705
249,25400.0,6.488818897637795,6.488818897637795,0.7346456692913386,0.6443696022033691
250,25500.0,7.224313725490196,7.224313725490196,0.5574901960784314,0.6801424026489258
251,25600.0,13.7219140625,13.7219140625,0.5929296875,0.8198702335357666
252,25700.0,2.7833463035019457,2.7833463035019457,0.5117120622568093,0.5338854789733887
253,25800.0,6.622248062015504,6.622248062015504,0.7342635658914729,0.6431384086608887
254,25900.0,15.099420849420849,15.099420849420849,0.861969111969112,0.7943143844604492
255,26000.0,25.837423076923077,25.837423076923077,0.7518076923076923,0.932509183883667
256,26100.0,6.934252873563218,6.934252873563218,0.7374712643678161,0.20660877227783203
257,26200.0,2.7474809160305345,2.7474809160305345,0.5079770992366412,0.16854214668273926
258,26300.0,2.7657034220532317,2.7657034220532317,0.511996653865166,0.20232295989990234
259,26400.0,5.239128787878788,5.239128787878788,0.5809090909090909,0.20288920402526855
260,26500.0,7.025509433962264,7.025509433962264,0.5508679245283019,0.22016692161560059
261,26600.0,15.051917293233084,15.051917293233084,0.8580827067669173,0.28813862800598145
262,26700.0,2.756104868913858,2.756104868913858,0.5118352059925093,0.20953583717346191
263,26800.0,8.870634328358209,8.870634328358209,0.751044776119403,0.2872960567474365
264,26900.0,2.7821189591078066,2.7821189591078066,0.5141263940520446,0.36510443687438965
265,27000.0,35.32688888888889,35.32688888888889,0.8174074074074074,0.6096780300140381
266,27100.0,7.037343173431735,7.037343173431735,0.7359409594095941,0.28305816650390625
267,27200.0,5.165183823529412,5.165183823529412,0.5825581822861134,0.2220315933227539
268,27300.0,14.265201465201466,14.265201465201466,0.8531135531135531,0.31427645683288574
269,27400.0,2.7821167883211677,2.7821167883211677,0.5178467153284672,0.2019639015197754
270,27500.0,6.966181818181818,6.966181818181818,0.5544,0.25671863555908203
271,27600.0,3.5759057971014494,3.5759057971014494,0.5585144927536232,0.20765185356140137
272,27700.0,6.537364620938628,6.537364620938628,0.7340072202166065,0.2821516990661621
273,27800.0,6.844928057553957,6.844928057553957,0.7344964028776978,0.2576298713684082
274,27900.0,17.571433691756273,17.571433691756273,0.8863082437275985,0.39136648178100586
275,28000.0,37.24485714285714,37.24485714285714,0.75125,0.5753459930419922
276,28100.0,2.7670106761565836,2.7670106761565836,0.5101779359430605,0.23830914497375488
277,28200.0,2.8182978723404255,2.8182978723404255,0.5149290780141844,0.22602581977844238
278,28300.0,6.581590106007067,6.581590106007067,0.7327467401674971,0.2513875961303711
279,28400.0,3.52637323943662,3.52637323943662,0.5551408450704225,0.23590683937072754
280,28500.0,20.017228070175438,20.017228070175438,0.7383157894736843,0.409853458404541
281,28600.0,5.689265734265734,5.689265734265734,0.7154895104895105,0.2742302417755127
282,28700.0,5.419512195121952,5.419512195121952,0.6975261324041812,0.22057867050170898
283,28800.0,20.75170138888889,20.75170138888889,0.7670752456682524,0.3649632930755615
284,28900.0,5.156885813148789,5.156885813148789,0.5465397923875432,0.2398366928100586
285,29000.0,7.237206896551724,7.237206896551724,0.556,0.22942709922790527
286,29100.0,6.594158075601374,6.594158075601374,0.733745704467354,0.22547292709350586
287,29200.0,9.204075342465753,9.204075342465753,0.7548972602739726,0.2935972213745117
288,29300.0,2.80320819112628,2.80320819112628,0.5121160409556313,0.2242443561553955
289,29400.0,7.866122448979592,7.866122448979592,0.7516326530612245,0.2699849605560303
290,29500.0,6.779525423728813,6.779525423728813,0.5565951388182651,0.26909828186035156
291,29600.0,13.438547297297298,13.438547297297298,0.759527027027027,0.2835371494293213
292,29700.0,11.905993265993265,11.905993265993265,0.8072727272727273,0.3061256408691406
293,29800.0,2.8296308724832215,2.8296308724832215,0.51748322147651,0.189896821975708
294,29900.0,5.762140468227424,5.762140468227424,0.7149832775919732,0.22484588623046875
295,30000.0,9.841266666666666,9.841266666666666,0.5934333333333334,0.28736209869384766
296,30100.0,14.11265780730897,14.11265780730897,0.8629235880398671,0.31060791015625
297,30200.0,7.17158940397351,7.17158940397351,0.741084141859002,0.2443990707397461
298,30300.0,2.7906270627062706,2.7906270627062706,0.5138123370408264,0.20406365394592285
299,30400.0,14.256578947368421,14.256578947368421,0.7517763157894737,0.48323869705200195
300,30500.0,19.43150819672131,19.43150819672131,0.7482295081967213,1.3040900230407715
301,30600.0,7.0749346405228755,7.0749346405228755,0.7388235294117647,0.7816855907440186
302,30700.0,7.01442996742671,7.01442996742671,0.7374181569432229,0.8338263034820557
303,30800.0,7.518084415584416,7.518084415584416,0.7223051948051948,0.7610955238342285
304,30900.0,6.746828478964401,6.746828478964401,0.7368932038834951,0.7046656608581543
305,31000.0,19.570225806451614,19.570225806451614,0.7467741935483871,1.130075216293335
306,31100.0,2.8382315112540195,2.8382315112540195,0.5164308681672025,0.6692273616790771
307,31200.0,12.289519230769232,12.289519230769232,0.7496233612206302,0.32013702392578125
308,31300.0,6.541341853035144,6.541341853035144,0.733258785942492,0.27154064178466797
309,31400.0,6.584331210191083,6.584331210191083,0.7326433121019108,0.244063138961792
310,31500.0,50.66968253968254,50.66968253968254,0.8735873015873016,0.8564484119415283
311,31600.0,9.218955696202531,9.218955696202531,0.7532278481012659,0.2720479965209961
312,31700.0,2.84589905362776,2.84589905362776,0.5129652996845426,0.2268826961517334
313,31800.0,2.793805031446541,2.793805031446541,0.5167610062893082,0.23502302169799805
314,31900.0,2.7648275862068967,2.7648275862068967,0.5096711495658172,0.21410655975341797
315,32000.0,34.15675,34.15675,0.63059375,0.575092077255249
316,32100.0,2.870747663551402,2.870747663551402,0.5168847352024922,0.22137141227722168
317,32200.0,5.293819875776397,5.293819875776397,0.6978260869565217,0.25687456130981445
318,32300.0,6.241578947368421,6.241578947368421,0.7254489164086687,0.25190210342407227
319,32400.0,19.107561728395062,19.107561728395062,0.8209567901234568,0.41776204109191895
320,32500.0,17.7104,17.7104,0.730276923076923,0.3934807777404785
321,32600.0,7.113650306748466,7.113650306748466,0.738159509202454,0.2835571765899658
322,32700.0,6.62,6.62,0.7350152905198777,0.28530359268188477
323,32800.0,5.039237804878049,5.039237804878049,0.5802439024390244,0.25263166427612305
324,32900.0,5.430182370820669,5.430182370820669,0.7019148936170213,0.24608278274536133
325,33000.0,6.981787878787879,6.981787878787879,0.5546834752568259,0.26211094856262207
326,33100.0,7.055679758308157,7.055679758308157,0.7384592145015105,0.2604517936706543
327,33200.0,3.533012048192771,3.533012048192771,0.5519277108433734,0.25562429428100586
328,33300.0,17.793123123123124,17.793123123123124,0.886419604781068,0.40036940574645996
329,33400.0,2.7971856287425148,2.7971856287425148,0.5181437125748503,0.25691819190979004
330,33500.0,19.00668656716418,19.00668656716418,0.7494626865671642,0.4853363037109375
331,33600.0,11.597916666666666,11.597916666666666,0.7330059523809523,0.3605527877807617
332,33700.0,6.846201780415431,6.846201780415431,0.7400296735905044,0.31216931343078613
333,33800.0,7.528284023668639,7.528284023668639,0.7421597633136094,0.2926597595214844
334,33900.0,2.837669616519174,2.837669616519174,0.513834808259587,0.25165319442749023
335,34000.0,9.935470588235294,9.935470588235294,0.6061764705882353,0.30057406425476074
336,34100.0,6.654340175953079,6.654340175953079,0.732375366568915,0.28168344497680664
337,34200.0,19.064912280701755,19.064912280701755,0.8836549707602339,0.4223604202270508
338,34300.0,27.05055393586006,27.05055393586006,0.7746064139941691,0.5216109752655029
339,34400.0,14.01017441860465,14.01017441860465,0.7610755813953488,0.3540823459625244
340,34500.0,6.831652173913043,6.831652173913043,0.5582608695652174,0.2858390808105469
341,34600.0,2.8778323699421966,2.8778323699421966,0.5276300578034682,0.23520326614379883
342,34700.0,2.839394812680115,2.839394812680115,0.514985590778098,0.23084282875061035
343,34800.0,3.554310344827586,3.554310344827586,0.5535344827586207,0.26811909675598145
344,34900.0,7.167507163323783,7.167507163323783,0.7450143266475645,0.37221312522888184
345,35000.0,16.692742857142857,16.692742857142857,0.7175428571428571,0.5043754577636719
346,35100.0,28.09148148148148,28.09148148148148,0.9113675213675214,0.5998930931091309
347,35200.0,6.635625,6.635625,0.6078977272727273,0.2969510555267334
348,35300.0,2.8109065155807365,2.8109065155807365,0.5128473894444602,0.23792147636413574
349,35400.0,2.879039548022599,2.879039548022599,0.5193220338983051,0.29061031341552734
350,35500.0,6.80512676056338,6.80512676056338,0.5796619718309859,0.2902648448944092
351,35600.0,3.6952808988764043,3.6952808988764043,0.5581741573033708,0.29636144638061523
352,35700.0,5.427478991596638,5.427478991596638,0.7021008403361344,0.276047945022583
353,35800.0,2.9643575418994415,2.9643575418994415,0.5431564245810055,0.2529282569885254
354,35900.0,2.788635097493036,2.788635097493036,0.5133704735376045,0.2667670249938965
355,36000.0,49.39525,49.39525,0.7784166666666666,0.8335456848144531
356,36100.0,8.278947368421052,8.278947368421052,0.7558104102606721,0.3165264129638672
357,36200.0,6.975718232044199,6.975718232044199,0.7382596685082873,0.32175254821777344
358,36300.0,4.616584022038568,4.616584022038568,0.5630853994490358,0.35131359100341797
359,36400.0,18.762527472527474,18.762527472527474,0.8651923076923077,0.5812563896179199
360,36500.0,20.098219178082193,20.098219178082193,0.7520821917808219,0.5871458053588867
361,36600.0,6.381284153005464,6.381284153005464,0.7349453551912568,0.4138660430908203
362,36700.0,6.779182561307902,6.779182561307902,0.7470572207084468,0.42713403701782227
363,36800.0,5.08616847826087,5.08616847826087,0.5809239130434782,0.35843563079833984
364,36900.0,7.015853658536585,7.015853658536585,0.7388888888888889,0.3951249122619629
365,37000.0,19.34027027027027,19.34027027027027,0.752182491418687,0.5731799602508545
366,37100.0,5.520566037735849,5.520566037735849,0.6996765498652291,0.34632086753845215
367,37200.0,9.392930107526881,9.392930107526881,0.7543817204301075,0.40653347969055176
368,37300.0,6.79396782841823,6.79396782841823,0.7471849865951743,0.38715386390686035
369,37400.0,2.8213636363636363,2.8213636363636363,0.5137433155080214,0.37489962577819824
370,37500.0,11.482053333333333,11.482053333333333,0.5585333333333333,0.47538328170776367
371,37600.0,5.227473404255319,5.227473404255319,0.5972606382978723,0.3244044780731201
372,37700.0,5.709920424403183,5.709920424403183,0.7137931034482758,0.3780710697174072
373,37800.0,27.30420634920635,27.30420634920635,0.9038359788359789,0.8349289894104004
374,37900.0,6.754511873350923,6.754511873350923,0.7443007915567282,0.383575439453125
375,38000.0,28.21671052631579,28.21671052631579,0.757,0.7380764484405518
376,38100.0,6.503149606299212,6.503149606299212,0.7345669291338582,0.35387134552001953
377,38200.0,2.8659424083769633,2.8659424083769633,0.5257853403141362,0.30544018745422363
378,38300.0,2.806945169712794,2.806945169712794,0.5145430809399478,0.28536224365234375
379,38400.0,10.302760416666667,10.302760416666667,0.6019791666666666,0.6448168754577637
380,38500.0,16.722727272727273,16.722727272727273,0.7251357178108522,1.1779184341430664
381,38600.0,6.599015544041451,6.599015544041451,0.7348445595854922,0.49692726135253906
382,38700.0,17.406795865633075,17.406795865633075,0.8863824289405685,0.6943655014038086
383,38800.0,9.128634020618557,9.128634020618557,0.7537371134020618,0.45475101470947266
384,38900.0,2.7932647814910028,2.7932647814910028,0.5155784061696658,0.34233784675598145
385,39000.0,17.82202564102564,17.82202564102564,0.7307179487179487,0.5646965503692627
386,39100.0,2.833478260869565,2.833478260869565,0.5189514066496164,0.41440343856811523
387,39200.0,18.090280612244896,18.090280612244896,0.7797193877551021,0.6075162887573242
388,39300.0,2.7967430025445292,2.7967430025445292,0.5151145038167939,0.3773627281188965
389,39400.0,2.8371065989847715,2.8371065989847715,0.5173604060913706,0.3567240238189697
390,39500.0,19.079291139240507,19.079291139240507,0.7479493670886076,0.721731424331665
391,39600.0,9.492651515151515,9.492651515151515,0.7556565656565657,0.4976212978363037
392,39700.0,6.8940050377833755,6.8940050377833755,0.7414105793450881,0.4156208038330078
393,39800.0,7.032663316582915,7.032663316582915,0.7374874371859297,0.44202327728271484
394,39900.0,15.116165413533835,15.116165413533835,0.8588220551378446,0.5215067863464355
395,40000.0,15.153675,15.153675,0.6211905297632441,0.5253393650054932
396,40100.0,2.8278802992518703,2.8278802992518703,0.5182044887780549,0.3110208511352539
397,40200.0,6.509726368159204,6.509726368159204,0.7338805970149254,0.42390942573547363
398,40300.0,16.166774193548388,16.166774193548388,0.8743920595533499,0.5859687328338623
399,40400.0,3.578391089108911,3.578391089108911,0.559197009826976,0.3938148021697998
400,40500.0,45.82328395061728,45.82328395061728,0.8196296296296296,1.2449703216552734
401,40600.0,5.454261083743843,5.454261083743843,0.7033004926108375,0.39208483695983887
402,40700.0,6.343783783783784,6.343783783783784,0.7298034398034398,0.42707061767578125
403,40800.0,5.029166666666667,5.029166666666667,0.5849509803921569,0.3780171871185303
404,40900.0,6.905721271393643,6.905721271393643,0.7396694214876033,0.39821481704711914
405,41000.0,6.977609756097561,6.977609756097561,0.5561842971779799,0.42589688301086426
406,41100.0,2.8561070559610706,2.8561070559610706,0.517712895377129,0.3990919589996338
407,41200.0,9.660728155339806,9.660728155339806,0.754490291262136,0.49750208854675293
408,41300.0,5.436392251815981,5.436392251815981,0.7005084745762712,0.4078176021575928
409,41400.0,7.073502415458937,7.073502415458937,0.7392995169082126,0.41284871101379395
410,41500.0,7.124530120481928,7.124530120481928,0.5630602409638554,0.4484398365020752
411,41600.0,18.337548076923078,18.337548076923078,0.7531009615384615,0.6817784309387207
412,41700.0,6.887194244604316,6.887194244604316,0.7365404446149788,0.5063765048980713
413,41800.0,6.266842105263158,6.266842105263158,0.7248803827751196,0.5005245208740234
414,41900.0,2.8299761336515514,2.8299761336515514,0.514618487314733,0.4997828006744385
415,42000.0,23.109666666666666,23.109666666666666,0.7386666666666667,0.7395031452178955
416,42100.0,6.864418052256532,6.864418052256532,0.7370546318289786,0.562047004699707
417,42200.0,7.145260663507109,7.145260663507109,0.7370017536376131,0.45369863510131836
418,42300.0,7.032222222222222,7.032222222222222,0.7369976359338062,0.4419431686401367
419,42400.0,5.1618396226415095,5.1618396226415095,0.5858490566037736,0.3684084415435791
420,42500.0,6.951905882352941,6.951905882352941,0.5586117647058824,0.4654991626739502
421,42600.0,2.847042253521127,2.847042253521127,0.5165023474178404,0.3349590301513672
422,42700.0,14.048922716627635,14.048922716627635,0.8625292740046838,0.6804447174072266
423,42800.0,3.613107476635514,3.613107476635514,0.5566121495327103,0.412081241607666
424,42900.0,5.6941258741258745,5.6941258741258745,0.7152847385719947,0.47853803634643555
425,43000.0,18.087883720930233,18.087883720930233,0.7480173957533897,0.7833442687988281
426,43100.0,2.830139211136891,2.830139211136891,0.5154292343387471,0.36923789978027344
427,43200.0,25.255532407407408,25.255532407407408,0.8259722222222222,0.7626466751098633
428,43300.0,6.773556581986143,6.773556581986143,0.7366281755196304,0.48972487449645996
429,43400.0,14.691428571428572,14.691428571428572,0.8619585253456221,0.6193842887878418
430,43500.0,7.122298850574713,7.122298850574713,0.5554252873563218,0.48290324211120605
431,43600.0,9.135550458715596,9.135550458715596,0.7529989219936237,0.49576425552368164
432,43700.0,6.094439359267734,6.094439359267734,0.7233638443935927,0.3855910301208496
433,43800.0,6.862579908675799,6.862579908675799,0.7353424657534247,0.42259693145751953
434,43900.0,7.196605922551253,7.196605922551253,0.738382687927107,0.4790327548980713
435,44000.0,16.265227272727273,16.265227272727273,0.6202413691220255,0.6771500110626221
436,44100.0,24.874761904761904,24.874761904761904,0.9000907029478458,0.8290650844573975
437,44200.0,5.710067873303167,5.710067873303167,0.7165772981289169,0.46891117095947266
438,44300.0,2.8104063205417606,2.8104063205417606,0.5178329571106095,0.4146409034729004
439,44400.0,8.408873873873874,8.408873873873874,0.7493918918918919,0.4782280921936035
440,44500.0,7.014876404494382,7.014876404494382,0.5572359550561797,0.4691760540008545
441,44600.0,7.204349775784753,7.204349775784753,0.7402466367713004,0.4232816696166992
442,44700.0,2.8096644295302013,2.8096644295302013,0.5170693512304251,0.3963932991027832
443,44800.0,25.99703125,25.99703125,0.7403959909819415,0.9203414916992188
444,44900.0,2.865968819599109,2.865968819599109,0.5197327394209355,0.4194910526275635
445,45000.0,20.970066666666668,20.970066666666668,0.7526,0.788109540939331
446,45100.0,2.877317073170732,2.877317073170732,0.5191689394443336,0.4236721992492676
447,45200.0,3.633716814159292,3.633716814159292,0.5565486725663716,0.5975334644317627
448,45300.0,7.112626931567329,7.112626931567329,0.7394922737306844,0.4877772331237793
449,45400.0,2.8451762114537447,2.8451762114537447,0.5178854625550661,0.3880124092102051
450,45500.0,44.880153846153846,44.880153846153846,0.860989010989011,1.052295446395874
451,45600.0,13.343684210526316,13.343684210526316,0.7535745614035088,0.5180613994598389
452,45700.0,6.96472647702407,6.96472647702407,0.7374398249452954,0.38600897789001465
453,45800.0,6.979257641921397,6.979257641921397,0.739475982532751,0.38580822944641113
454,45900.0,11.887734204793029,11.887734204793029,0.8084531590413944,0.5026886463165283
455,46000.0,9.781891304347827,9.781891304347827,0.5970476977259881,0.4624612331390381
456,46100.0,2.832234273318872,2.832234273318872,0.5162906724511931,0.3628544807434082
457,46200.0,5.509047619047619,5.509047619047619,0.7025476741920821,0.4360511302947998
458,46300.0,6.8893520518358535,6.8893520518358535,0.7397783969416186,0.4147939682006836
459,46400.0,5.237844827586207,5.237844827586207,0.5864870689655173,0.41640472412109375
460,46500.0,19.99890322580645,19.99890322580645,0.7483010752688172,0.6445944309234619
461,46600.0,2.7709871244635194,2.7709871244635194,0.5124144294941951,0.34966564178466797
462,46700.0,2.89982869379015,2.89982869379015,0.5263383297644539,0.3946828842163086
463,46800.0,22.014615384615386,22.014615384615386,0.885576923076923,0.7750637531280518
464,46900.0,14.73044776119403,14.73044776119403,0.8636644704577923,0.552213191986084
465,47000.0,7.11236170212766,7.11236170212766,0.5593191489361702,0.3998565673828125
466,47100.0,6.6179193205944795,6.6179193205944795,0.7370912951167728,0.4351930618286133
467,47200.0,5.259936440677966,5.259936440677966,0.5991101694915254,0.5336253643035889
468,47300.0,6.360591966173361,6.360591966173361,0.7325369978858352,0.4294257164001465
469,47400.0,6.624831223628692,6.624831223628692,0.7368987341772152,0.4432816505432129
470,47500.0,19.214884210526314,19.214884210526314,0.7423157894736843,0.6659407615661621
471,47600.0,7.471575630252101,7.471575630252101,0.7250840336134454,0.47023844718933105
472,47700.0,7.1784067085953875,7.1784067085953875,0.7416142557651991,0.4743976593017578
473,47800.0,2.8348117154811714,2.8348117154811714,0.5182535199481161,0.4622673988342285
474,47900.0,2.8307306889352817,2.8307306889352817,0.518705636743215,0.34855031967163086
475,48000.0,20.560541666666666,20.560541666666666,0.6280625,0.669074535369873
476,48100.0,16.34939708939709,16.34939708939709,0.8737629937629937,0.603337287902832
477,48200.0,6.875207468879668,6.875207468879668,0.7389211618257261,0.4070773124694824
478,48300.0,5.350372670807453,5.350372670807453,0.7015113871635611,0.6211748123168945
479,48400.0,6.223388429752066,6.223388429752066,0.59362796751999,0.6527745723724365
480,48500.0,19.388453608247424,19.388453608247424,0.7519742675106703,1.137559413909912
481,48600.0,30.258127572016463,30.258127572016463,0.8306755283030515,1.4131903648376465
482,48700.0,6.8665092402464065,6.8665092402464065,0.7379260780287474,0.6767799854278564
483,48800.0,13.85094262295082,13.85094262295082,0.7599795081967213,0.7945530414581299
484,48900.0,6.977075664621677,6.977075664621677,0.7381950551136015,0.6918680667877197
485,49000.0,26.00569387755102,26.00569387755102,0.7696687687503827,1.2262825965881348
486,49100.0,2.8536252545824845,2.8536252545824845,0.5178516874070755,0.619312047958374
487,49200.0,3.5941260162601627,3.5941260162601627,0.5559756097560976,0.6081459522247314
488,49300.0,2.8411156186612576,2.8411156186612576,0.5157711109758819,0.6155855655670166
489,49400.0,16.103502024291497,16.103502024291497,0.8704048582995951,1.0332627296447754
490,49500.0,21.033333333333335,21.033333333333335,0.7538787878787879,1.1570134162902832
491,49600.0,14.037479838709677,14.037479838709677,0.7617338709677419,1.0045640468597412
492,49700.0,5.470684104627766,5.470684104627766,0.7011871227364185,0.731778621673584
493,49800.0,2.8312449799196786,2.8312449799196786,0.514488242735798,0.7310471534729004
494,49900.0,6.84691382765531,6.84691382765531,0.7379454086336126,0.8303253650665283
495,50000.0,17.13238,17.13238,0.5975919518390368,0.970280647277832
496,50100.0,2.8283433133732534,2.8283433133732534,0.5148502994011976,0.6584489345550537
497,50200.0,2.8086653386454183,2.8086653386454183,0.5147211155378486,0.5962541103363037
498,50300.0,2.8800198807157056,2.8800198807157056,0.5258846918489065,0.6040780544281006
499,50400.0,37.84617063492063,37.84617063492063,0.880436507936508,1.568957805633545
500,50500.0,7.112,7.112,0.5557029702970298,0.9873554706573486
501,50600.0,2.814584980237154,2.814584980237154,0.5171936758893281,0.5616519451141357
502,50700.0,7.710315581854044,7.710315581854044,0.7453846153846154,0.861609697341919
503,50800.0,9.155216535433071,9.155216535433071,0.7545472440944881,0.8224701881408691
504,50900.0,2.8229469548133594,2.8229469548133594,0.5122396856581533,0.6588840484619141
505,51000.0,7.284137254901961,7.284137254901961,0.5625404419694504,0.8902945518493652
506,51100.0,15.681056751467711,15.681056751467711,0.8644227005870841,1.1509883403778076
507,51200.0,22.22044921875,22.22044921875,0.6045548654244306,1.2052714824676514
508,51300.0,32.86543859649123,32.86543859649123,0.9154191033138401,1.6464462280273438
509,51400.0,2.7817898832684826,2.7817898832684826,0.5125975213525555,0.724299430847168
510,51500.0,20.0546213592233,20.0546213592233,0.752116504854369,1.1637499332427979
511,51600.0,8.809186046511629,8.809186046511629,0.7527229737586728,0.8505420684814453
512,51700.0,2.8230174081237913,2.8230174081237913,0.5148068628019884,0.6299729347229004
513,51800.0,15.013532818532818,15.013532818532818,0.861966447228711,1.1599819660186768
514,51900.0,2.808747591522158,2.808747591522158,0.5151252408477842,0.574282169342041
515,52000.0,42.87509615384615,42.87509615384615,0.7648653846153847,1.9358808994293213
516,52100.0,2.8308637236084455,2.8308637236084455,0.5187523992322457,0.6758742332458496
517,52200.0,7.074827586206896,7.074827586206896,0.7410153256704981,0.7348637580871582
518,52300.0,6.984302103250478,6.984302103250478,0.7396175908221797,0.8364255428314209
519,52400.0,3.619732824427481,3.619732824427481,0.5603732895665948,0.6374790668487549
520,52500.0,16.890819047619047,16.890819047619047,0.7203619047619048,1.0494282245635986
521,52600.0,2.849809885931559,2.849809885931559,0.5172623574144487,0.6526541709899902
522,52700.0,6.9246110056926,6.9246110056926,0.734933586337761,0.7715051174163818
523,52800.0,5.278484848484848,5.278484848484848,0.588219696969697,0.8147368431091309
524,52900.0,4.737069943289225,4.737069943289225,0.5401323251417769,0.6607546806335449
525,53000.0,7.105150943396226,7.105150943396226,0.5595283018867925,0.8123595714569092
526,53100.0,7.200583804143126,7.200583804143126,0.7407484133411175,0.8939578533172607
527,53200.0,20.81109022556391,20.81109022556391,0.8671378623256514,1.2967174053192139
528,53300.0,5.757598499061913,5.757598499061913,0.7181050656660413,0.7612869739532471
529,53400.0,2.8865355805243444,2.8865355805243444,0.520374531835206,0.6181216239929199
530,53500.0,7.092766355140187,7.092766355140187,0.5628411214953271,0.9113669395446777
531,53600.0,14.059291044776119,14.059291044776119,0.7626821395921566,1.3686370849609375
532,53700.0,2.786368715083799,2.786368715083799,0.5142644320297951,0.6844730377197266
533,53800.0,2.854368029739777,2.854368029739777,0.523364312267658,0.5738108158111572
534,53900.0,8.126790352504639,8.126790352504639,0.7569573283858998,0.9254443645477295
535,54000.0,51.97137037037037,51.97137037037037,0.8299074074074074,2.2089529037475586
536,54100.0,6.957800369685767,6.957800369685767,0.7384288354898336,0.8044111728668213
537,54200.0,6.671143911439114,6.671143911439114,0.7376102439204398,0.8014242649078369
538,54300.0,7.0937753222836095,7.0937753222836095,0.7403082929704046,0.9222202301025391
539,54400.0,6.9775551470588235,6.9775551470588235,0.5946139705882353,0.874558687210083
540,54500.0,19.49954128440367,19.49954128440367,0.74948623853211,1.2392103672027588
541,54600.0,13.715604395604396,13.715604395604396,0.8538984230480412,1.1317908763885498
542,54700.0,7.214478976234004,7.214478976234004,0.7393553812683962,0.850980281829834
543,54800.0,3.621094890510949,3.621094890510949,0.5632767021296009,0.6922721862792969
544,54900.0,18.457213114754097,18.457213114754097,0.888287795992714,1.1805016994476318
545,55000.0,7.231509090909091,7.231509090909091,0.5640648011782032,1.0230128765106201
546,55100.0,6.247749546279492,6.247749546279492,0.7273321234119782,0.7604360580444336
547,55200.0,5.135217391304348,5.135217391304348,0.5911231884057971,0.7573068141937256
548,55300.0,15.731989150090415,15.731989150090415,0.8645750452079566,1.0953822135925293
549,55400.0,6.590902527075812,6.590902527075812,0.7388808664259928,0.8523604869842529
550,55500.0,18.75590990990991,18.75590990990991,0.7458198198198198,1.2504124641418457
551,55600.0,9.459820143884892,9.459820143884892,0.7545055577538761,1.0067524909973145
552,55700.0,2.802908438061041,2.802908438061041,0.5143087971274686,0.696819543838501
553,55800.0,18.275501792114696,18.275501792114696,0.8864854208856789,1.3214304447174072
554,55900.0,15.958121645796064,15.958121645796064,0.8755992844364937,1.2672061920166016
555,56000.0,39.16625,39.16625,0.75225,1.959428071975708
556,56100.0,2.821301247771836,2.821301247771836,0.5180748663101604,0.6867570877075195
557,56200.0,2.8354626334519573,2.8354626334519573,0.5171174377224199,0.6286129951477051
558,56300.0,2.869360568383659,2.869360568383659,0.5185790408525754,0.6283502578735352
559,56400.0,3.642535460992908,3.642535460992908,0.5601241134751773,0.7884130477905273
560,56500.0,6.988884955752212,6.988884955752212,0.557929203539823,0.8752498626708984
561,56600.0,6.601325088339222,6.601325088339222,0.7387809187279152,0.8448996543884277
562,56700.0,32.982275132275134,32.982275132275134,0.904726631393298,1.8242731094360352
563,56800.0,5.111390845070423,5.111390845070423,0.5860035211267606,0.8109822273254395
564,56900.0,2.820140597539543,2.820140597539543,0.5209054640679098,0.7635385990142822
565,57000.0,18.502491228070177,18.502491228070177,0.7404470332292361,1.2901580333709717
566,57100.0,6.886164623467601,6.886164623467601,0.7404203152364274,0.9333267211914062
567,57200.0,8.055244755244756,8.055244755244756,0.7368835119495096,0.9275498390197754
568,57300.0,2.8350785340314135,2.8350785340314135,0.5193891797556719,0.7827930450439453
569,57400.0,5.523797909407666,5.523797909407666,0.7011742569427506,0.8471190929412842
570,57500.0,7.1025217391304345,7.1025217391304345,0.5594532078818762,1.0848925113677979
571,57600.0,32.25572916666667,32.25572916666667,0.7706557405510512,1.8381474018096924
572,57700.0,6.889098786828423,6.889098786828423,0.7383663495034576,0.9522073268890381
573,57800.0,4.707923875432526,4.707923875432526,0.5472491349480969,0.7427730560302734
574,57900.0,6.516424870466321,6.516424870466321,0.7371848013816926,0.8790552616119385
575,58000.0,9.760810344827586,9.760810344827586,0.6006724137931034,0.9077243804931641
576,58100.0,5.505542168674698,5.505542168674698,0.7018020964216252,0.8504741191864014
577,58200.0,6.650171821305842,6.650171821305842,0.7380240549828179,0.7459897994995117
578,58300.0,2.8533447684391082,2.8533447684391082,0.5205235081219232,0.810366153717041
579,58400.0,14.369006849315069,14.369006849315069,0.7649657534246576,1.259251594543457
580,58500.0,52.355213675213676,52.355213675213676,0.884,2.577381134033203
581,58600.0,2.898037542662116,2.898037542662116,0.5209897610921501,0.6987957954406738
582,58700.0,2.8128449744463375,2.8128449744463375,0.5181771720613287,0.7313854694366455
583,58800.0,10.928792517006803,10.928792517006803,0.773078231292517,1.0385754108428955
584,58900.0,17.36629881154499,17.36629881154499,0.8780645161290322,1.2424254417419434
585,59000.0,7.129,7.129,0.5664576271186441,0.8457493782043457
586,59100.0,2.8803045685279187,2.8803045685279187,0.5194077834179357,0.8118281364440918
587,59200.0,13.138918918918918,13.138918918918918,0.7591006604841298,1.1744978427886963
588,59300.0,2.841045531197302,2.841045531197302,0.517133220910624,0.7158174514770508
589,59400.0,12.091380471380472,12.091380471380472,0.8088552188552188,1.0465505123138428
590,59500.0,17.056823529411766,17.056823529411766,0.720890756302521,1.1806378364562988
591,59600.0,3.684244966442953,3.684244966442953,0.5648584707797111,0.8330197334289551
592,59700.0,6.9836850921273035,6.9836850921273035,0.737353433835846,1.028726577758789
593,59800.0,5.66005016722408,5.66005016722408,0.7193598555159785,0.9066033363342285
594,59900.0,2.8836227045075127,2.8836227045075127,0.5274378537204294,0.7931473255157471
595,60000.0,15.7488,15.7488,0.6247270787846464,1.1454784870147705
596,60100.0,7.1795840266222966,7.1795840266222966,0.7401287875006239,0.8959779739379883
597,60200.0,14.241810631229235,14.241810631229235,0.8624252491694352,1.247722864151001
598,60300.0,18.29960199004975,18.29960199004975,0.8891855586328131,1.2781548500061035
599,60400.0,9.86726821192053,9.86726821192053,0.7610556466166658,1.064375638961792
600,60500.0,12.520727272727273,12.520727272727273,0.5938677685950413,1.1557509899139404
601,60600.0,2.841138613861386,2.841138613861386,0.521279229030182,0.8022925853729248
602,60700.0,6.799373970345964,6.799373970345964,0.7399133428886802,0.9423706531524658
603,60800.0,18.890542763157896,18.890542763157896,0.7596217105263158,1.4005064964294434
604,60900.0,5.5304761904761905,5.5304761904761905,0.7073234811165846,0.8565008640289307
605,61000.0,19.770475409836067,19.770475409836067,0.7500655737704918,1.3913288116455078
606,61100.0,5.743878887070377,5.743878887070377,0.716591106237418,0.8526146411895752
607,61200.0,9.451535947712419,9.451535947712419,0.7580882352941176,1.0177955627441406
608,61300.0,6.866574225122349,6.866574225122349,0.7402610114192496,0.7447905540466309
609,61400.0,7.287100977198697,7.287100977198697,0.7418241042345277,0.9121692180633545
610,61500.0,7.000016260162601,7.000016260162601,0.5595934959349593,0.8210816383361816
611,61600.0,11.520909090909091,11.520909090909091,0.7366883116883117,1.2618236541748047
612,61700.0,2.8904051863857374,2.8904051863857374,0.5246191247974068,0.8138153553009033
613,61800.0,6.768915857605178,6.768915857605178,0.7379126213592233,0.858623743057251
614,61900.0,6.885525040387722,6.885525040387722,0.7404846526655897,0.9127354621887207
615,62000.0,27.760516129032258,27.760516129032258,0.765153714635956,1.792781114578247
616,62100.0,11.813236714975845,11.813236714975845,0.8085575792711404,1.2522709369659424
617,62200.0,2.8516398713826367,2.8516398713826367,0.5231916911847457,0.6772382259368896
618,62300.0,5.501380417335474,5.501380417335474,0.7050561797752809,0.8293278217315674
619,62400.0,12.304150641025641,12.304150641025641,0.750284459686854,1.1095178127288818
620,62500.0,35.17392,35.17392,0.56584,2.0556604862213135
621,62600.0,6.671837060702876,6.671837060702876,0.737555910543131,0.9564840793609619
622,62700.0,6.306140350877193,6.306140350877193,0.7261562998405103,0.974433422088623
623,62800.0,8.950079617834396,8.950079617834396,0.7553304988932945,1.0151557922363281
624,62900.0,6.167503974562798,6.167503974562798,0.7308267090620032,0.9561967849731445
625,63000.0,51.71920634920635,51.71920634920635,0.8742202257178685,3.4311959743499756
626,63100.0,6.934231378763867,6.934231378763867,0.7380824088748019,0.9269170761108398
627,63200.0,13.878148734177215,13.878148734177215,0.7643037974683544,1.3194637298583984
628,63300.0,7.133744075829384,7.133744075829384,0.7401064787753361,0.959733247756958
629,63400.0,2.83391167192429,2.83391167192429,0.5210334547863531,0.8631138801574707
630,63500.0,19.34036220472441,19.34036220472441,0.750464581561624,1.5735862255096436
631,63600.0,3.659685534591195,3.659685534591195,0.5623270440251572,0.93398118019104
632,63700.0,21.281522762951333,21.281522762951333,0.8883359497645212,1.5089359283447266
633,63800.0,2.828949843260188,2.828949843260188,0.5186363636363637,0.7287311553955078
634,63900.0,6.984397496087637,6.984397496087637,0.7397026604068857,0.9358088970184326
635,64000.0,35.3733125,35.3733125,0.6367698990593456,2.1640591621398926
636,64100.0,2.8223088923556943,2.8223088923556943,0.518136008362065,0.8500661849975586
637,64200.0,2.851121495327103,2.851121495327103,0.5202729014470631,0.948861837387085
638,64300.0,7.320575427682737,7.320575427682737,0.7408864696734059,0.9859952926635742
639,64400.0,7.340621118012423,7.340621118012423,0.7265796052733738,0.9859018325805664
640,64500.0,18.707333333333334,18.707333333333334,0.7494728682170543,1.4482231140136719
641,64600.0,6.300712074303406,6.300712074303406,0.7268266253869969,1.064422369003296
642,64700.0,2.872642967542504,2.872642967542504,0.5229991653528703,0.7548072338104248
643,64800.0,29.875077160493827,29.875077160493827,0.8289942746030031,1.8748714923858643
644,64900.0,2.8308320493066255,2.8308320493066255,0.5175346687211094,0.808711051940918
645,65000.0,17.57853846153846,17.57853846153846,0.7345538461538461,1.4144392013549805
646,65100.0,14.912703533026114,14.912703533026114,0.8633640552995392,1.2714157104492188
647,65200.0,9.248819018404909,9.248819018404909,0.75683676130002,1.2334961891174316
648,65300.0,2.862220520673813,2.862220520673813,0.521010719754977,0.7915701866149902
649,65400.0,6.557492354740061,6.557492354740061,0.7366819571865444,0.8333735466003418
650,65500.0,7.238351145038168,7.238351145038168,0.5620763358778625,0.9819037914276123
651,65600.0,5.167484756097561,5.167484756097561,0.588734756097561,0.9920415878295898
652,65700.0,20.85461187214612,20.85461187214612,0.889269406392694,1.508561134338379
653,65800.0,5.573115501519757,5.573115501519757,0.7053951367781155,0.8986153602600098
654,65900.0,2.898391502276176,2.898391502276176,0.5222913505311078,0.7403156757354736
655,66000.0,10.026545454545454,10.026545454545454,0.597745386223825,1.0163042545318604
656,66100.0,7.02661119515885,7.02661119515885,0.7391791101226948,1.0063190460205078
657,66200.0,6.880845921450151,6.880845921450151,0.7403284037523226,0.8713996410369873
658,66300.0,5.7215987933634995,5.7215987933634995,0.7198340874811463,0.992110013961792
659,66400.0,5.113117469879518,5.113117469879518,0.5893072289156627,0.821368932723999
660,66500.0,48.174781954887216,48.174781954887216,0.86611426079372,2.741201162338257
661,66600.0,17.991216216216216,17.991216216216216,0.8866966966966967,1.4145450592041016
662,66700.0,2.9183808095952024,2.9183808095952024,0.5267766116941529,0.8238632678985596
663,66800.0,3.603188622754491,3.603188622754491,0.5607119867063878,0.7930023670196533
664,66900.0,7.254185351270553,7.254185351270553,0.7403997070210317,0.9655237197875977
665,67000.0,19.800388059701493,19.800388059701493,0.7513134328358209,1.6027977466583252
666,67100.0,6.48424739195231,6.48424739195231,0.7357228017883756,0.9745578765869141
667,67200.0,15.456726190476191,15.456726190476191,0.7392113095238095,1.587742805480957
668,67300.0,6.939479940564636,6.939479940564636,0.7395949419753637,1.04374098777771
669,67400.0,6.9611275964391695,6.9611275964391695,0.7410792444991765,0.962348461151123
670,67500.0,34.96662222222222,34.96662222222222,0.8190195410302374,2.216843843460083
671,67600.0,10.857174556213018,10.857174556213018,0.7621597633136095,1.2013869285583496
672,67700.0,2.825317577548006,2.825317577548006,0.5224597113694441,0.7669603824615479
673,67800.0,2.8524336283185843,2.8524336283185843,0.5252064896755162,0.8248777389526367
674,67900.0,15.307643593519883,15.307643593519883,0.8658468335787923,1.4001734256744385
675,68000.0,14.824882352941177,14.824882352941177,0.6336710833982853,1.2626419067382812
676,68100.0,2.853157121879589,2.853157121879589,0.5248465446856002,0.8400547504425049
677,68200.0,6.726656891495601,6.726656891495601,0.7341710900612921,0.9657728672027588
678,68300.0,2.8691800878477305,2.8691800878477305,0.5262225475841874,0.8411698341369629
679,68400.0,28.310365497076024,28.310365497076024,0.8909048377900262,1.8832998275756836
680,68500.0,7.260043795620438,7.260043795620438,0.567007299270073,1.0097968578338623
681,68600.0,28.210655976676385,28.210655976676385,0.7776060875522967,1.9992468357086182
682,68700.0,6.983944687045124,6.983944687045124,0.7405822416302765,0.9834227561950684
683,68800.0,13.71376453488372,13.71376453488372,0.7619442143054405,1.2637667655944824
684,68900.0,5.863788098693759,5.863788098693759,0.7237986037533201,0.9152545928955078
685,69000.0,7.036086956521739,7.036086956521739,0.5661739130434783,0.9180376529693604
686,69100.0,6.873256150506513,6.873256150506513,0.7407632527243521,1.0456674098968506
687,69200.0,3.6357803468208094,3.6357803468208094,0.5738955765256724,0.9156692028045654
688,69300.0,16.575021645021646,16.575021645021646,0.8693631942740877,1.391563892364502
689,69400.0,2.8686743515850144,2.8686743515850144,0.5228242074927953,0.7848608493804932
690,69500.0,19.655208633093526,19.655208633093526,0.7577122302158273,1.4576025009155273
691,69600.0,5.217658045977012,5.217658045977012,0.5939453153062544,0.9936881065368652
692,69700.0,2.8256814921090387,2.8256814921090387,0.5202295552367289,0.8456451892852783
693,69800.0,7.084828080229227,7.084828080229227,0.7453581661891118,1.130669116973877
694,69900.0,2.847153075822604,2.847153075822604,0.5212595496294601,0.946948766708374
695,70000.0,23.790785714285715,23.790785714285715,0.7430285714285715,1.6812145709991455
696,70100.0,3.0044365192582028,3.0044365192582028,0.5505706134094152,0.9222557544708252
697,70200.0,28.318561253561253,28.318561253561253,0.9120357839855269,2.0828351974487305
698,70300.0,15.98778093883357,15.98778093883357,0.877466251298027,1.3778955936431885
699,70400.0,10.324474431818182,10.324474431818182,0.6200798306794131,1.1677055358886719
700,70500.0,6.888397163120567,6.888397163120567,0.5645248226950355,1.049220085144043
701,70600.0,2.9787677053824364,2.9787677053824364,0.5270829201960395,0.8488972187042236
702,70700.0,5.461527581329562,5.461527581329562,0.7127641517440381,0.9226350784301758
703,70800.0,3.657443502824859,3.657443502824859,0.5659401968954364,0.8235833644866943
704,70900.0,6.813441466854725,6.813441466854725,0.7389808036784722,0.9433920383453369
705,71000.0,7.388,7.388,0.588225352112676,1.1020467281341553
706,71100.0,18.736976090014064,18.736976090014064,0.8890998593530239,1.5410356521606445
707,71200.0,5.113258426966292,5.113258426966292,0.592626404494382,0.891838550567627
708,71300.0,6.871654978962132,6.871654978962132,0.7458133467979466,1.0755910873413086
709,71400.0,5.482843137254902,5.482843137254902,0.7075787498074149,0.8879120349884033
710,71500.0,17.57648951048951,17.57648951048951,0.733558980670788,1.6346378326416016
711,71600.0,3.7730027932960892,3.7730027932960892,0.5908519553072625,0.9477269649505615
712,71700.0,2.8728312412831243,2.8728312412831243,0.5255648535564853,0.9286983013153076
713,71800.0,2.808635097493036,2.808635097493036,0.5226395910806557,0.8678998947143555
714,71900.0,3.0124478442280944,3.0124478442280944,0.5511697126484743,0.8220124244689941
715,72000.0,47.03641666666667,47.03641666666667,0.7795138888888888,2.728886127471924
716,72100.0,15.424202496532594,15.424202496532594,0.8660452988252264,1.3957862854003906
717,72200.0,8.597326869806095,8.597326869806095,0.7582653499355947,1.1277692317962646
718,72300.0,6.867939142461964,6.867939142461964,0.7418257261410789,1.0734713077545166
719,72400.0,9.597776243093923,9.597776243093923,0.7584254143646408,1.1275370121002197
720,72500.0,7.204662068965518,7.204662068965518,0.5923862068965517,0.9842188358306885
721,72600.0,4.812203856749312,4.812203856749312,0.5664265348007548,1.0360145568847656
722,72700.0,6.743273727647868,6.743273727647868,0.7389647725553309,1.072314739227295
723,72800.0,31.60936813186813,31.60936813186813,0.8700101651144262,2.1822872161865234
724,72900.0,67.61301783264746,67.61301783264746,0.8342089740600008,3.7043635845184326
725,73000.0,19.75535616438356,19.75535616438356,0.753928136001863,1.8318397998809814
726,73100.0,6.592831737346101,6.592831737346101,0.744726257900353,1.2120897769927979
727,73200.0,9.064863387978143,9.064863387978143,0.7539890710382514,1.1740367412567139
728,73300.0,6.651023192360164,6.651023192360164,0.7397918116208952,1.170607566833496
729,73400.0,6.818106267029973,6.818106267029973,0.7487057220708447,1.1827950477600098
730,73500.0,26.739074829931972,26.739074829931972,0.7723642498537395,1.7883415222167969
731,73600.0,6.816739130434782,6.816739130434782,0.6008777293169744,1.2204139232635498
732,73700.0,6.8256309362279515,6.8256309362279515,0.7480427142837759,1.0075678825378418
733,73800.0,7.155677506775068,7.155677506775068,0.7419612731879835,1.0097758769989014
734,73900.0,6.933599458728011,6.933599458728011,0.7386974113316824,1.1427242755889893
735,74000.0,26.672675675675677,26.672675675675677,0.774753712888012,1.6001787185668945
736,74100.0,16.070431848852902,16.070431848852902,0.8720647773279352,0.9213221073150635
737,74200.0,5.4784231805929915,5.4784231805929915,0.7011240195153509,0.5994539260864258
738,74300.0,2.980794078061911,2.980794078061911,0.5468041292614975,0.568657398223877
739,74400.0,13.884932795698925,13.884932795698925,0.7619188429952015,1.1720242500305176
740,74500.0,7.1472348993288595,7.1472348993288595,0.5697986577181208,0.7369592189788818
741,74600.0,7.119142091152815,7.119142091152815,0.7500938337801608,0.7886438369750977
742,74700.0,7.026318607764391,7.026318607764391,0.7404516794066855,0.7083923816680908
743,74800.0,3.64596256684492,3.64596256684492,0.5615315712776909,0.6255195140838623
744,74900.0,5.617516688918558,5.617516688918558,0.7109879839786382,0.6572144031524658
745,75000.0,11.422706666666667,11.422706666666667,0.5636533333333333,0.8461782932281494
746,75100.0,6.981411451398136,6.981411451398136,0.7408354305649876,0.7160334587097168
747,75200.0,5.261702127659574,5.261702127659574,0.6086436170212766,0.6585335731506348
748,75300.0,2.8636122177954846,2.8636122177954846,0.5259963611734552,0.5509777069091797
749,75400.0,5.832122015915119,5.832122015915119,0.7186832716614279,0.7001693248748779
750,75500.0,20.0461059602649,20.0461059602649,0.7605695364238411,1.1418845653533936
751,75600.0,39.883968253968256,39.883968253968256,0.9098941798941799,1.6817903518676758
752,75700.0,6.8207397622192865,6.8207397622192865,0.7398248325605358,0.6910934448242188
753,75800.0,6.783970976253298,6.783970976253298,0.7463883794873148,0.6778411865234375
754,75900.0,2.899762845849802,2.899762845849802,0.5267325428194993,0.5397472381591797
755,76000.0,42.58168421052632,42.58168421052632,0.7717206805352702,1.7821171283721924
756,76100.0,2.895519053876478,2.895519053876478,0.5379834163392423,0.5683474540710449
757,76200.0,6.546981627296588,6.546981627296588,0.736449775584661,0.6822381019592285
758,76300.0,15.208269986893841,15.208269986893841,0.8660139713495589,0.9860663414001465
759,76400.0,3.6586649214659688,3.6586649214659688,0.5725523560209425,0.6023356914520264
760,76500.0,22.15848366013072,22.15848366013072,0.7564575163398692,1.1964828968048096
761,76600.0,2.894751958224543,2.894751958224543,0.523812632183608,0.5837109088897705
762,76700.0,5.871277705345502,5.871277705345502,0.7250645388406477,0.6726119518280029
763,76800.0,14.4501953125,14.4501953125,0.6053985077930703,0.9543864727020264
764,76900.0,7.121053315994798,7.121053315994798,0.7410239404933744,0.716616153717041
765,77000.0,16.663103896103895,16.663103896103895,0.7250649350649351,1.0745306015014648
766,77100.0,2.83810635538262,2.83810635538262,0.5208171206225681,0.5707392692565918
767,77200.0,9.160608808290155,9.160608808290155,0.7571600668402441,0.7638354301452637
768,77300.0,2.9021474773609315,2.9021474773609315,0.5300981926853565,0.5563364028930664
769,77400.0,17.260839793281654,17.260839793281654,0.8872207651261644,1.0713460445404053
770,77500.0,19.685909677419353,19.685909677419353,0.7510290455360714,1.1595451831817627
771,77600.0,14.030257731958763,14.030257731958763,0.7671589473955515,1.156034231185913
772,77700.0,15.234967824967825,15.234967824967825,0.8619140775824345,1.1216800212860107
773,77800.0,2.8690874035989715,2.8690874035989715,0.5208935847504467,0.650029182434082
774,77900.0,6.2998973042362,6.2998973042362,0.72921346872232,0.776606559753418
775,78000.0,25.656410256410258,25.656410256410258,0.7554358974358975,1.5472869873046875
776,78100.0,2.833764404609475,2.833764404609475,0.5217864505307366,0.7994074821472168
777,78200.0,2.9253580562659844,2.9253580562659844,0.5308951406649617,0.7551789283752441
778,78300.0,12.093256704980844,12.093256704980844,0.8089399744572159,1.0550553798675537
779,78400.0,17.923035714285714,17.923035714285714,0.78249722572992,1.3707735538482666
780,78500.0,19.855656050955414,19.855656050955414,0.7538185199811462,1.324655294418335
781,78600.0,2.87647582697201,2.87647582697201,0.5243893129770992,0.7437794208526611
782,78700.0,6.863951715374841,6.863951715374841,0.7419408124626743,0.900515079498291
783,78800.0,3.6263832487309644,3.6263832487309644,0.5657360406091371,0.7640571594238281
784,78900.0,2.838276299112801,2.838276299112801,0.5233592739993409,0.7013249397277832
785,79000.0,19.546873417721518,19.546873417721518,0.7532216005468493,1.4578371047973633
786,79100.0,5.45819216182048,5.45819216182048,0.7030177372659578,0.8289945125579834
787,79200.0,15.555782828282828,15.555782828282828,0.7682449494949495,1.2627570629119873
788,79300.0,16.259041614123582,16.259041614123582,0.8763036103860073,1.2923765182495117
789,79400.0,6.910478589420655,6.910478589420655,0.7407398078061437,0.948554515838623
790,79500.0,7.15325786163522,7.15325786163522,0.5634874710677267,0.9700891971588135
791,79600.0,9.531293969849246,9.531293969849246,0.7593311473762233,0.9342532157897949
792,79700.0,2.8610414052697615,2.8610414052697615,0.5254018243641702,0.7160260677337646
793,79800.0,14.771766917293233,14.771766917293233,0.8596223010313413,1.1580860614776611
794,79900.0,2.932991239048811,2.932991239048811,0.5338047559449312,0.7171955108642578
795,80000.0,22.0100375,22.0100375,0.6353204415055188,1.3835699558258057
796,80100.0,7.1669912609238455,7.1669912609238455,0.743230252562454,0.8737692832946777
797,80200.0,2.8873940149625934,2.8873940149625934,0.5309850374064838,0.9834210872650146
798,80300.0,6.95733499377335,6.95733499377335,0.7397942663578171,0.8876054286956787
799,80400.0,9.044092039800995,9.044092039800995,0.7557681065684897,1.005119800567627
800,80500.0,16.903652173913045,16.903652173913045,0.721785363793339,1.6694533824920654
801,80600.0,16.107990074441688,16.107990074441688,0.8752714053524238,1.6099190711975098
802,80700.0,2.9147955390334572,2.9147955390334572,0.5296282527881041,0.9975354671478271
803,80800.0,5.129393564356436,5.129393564356436,0.5938463061747342,1.075371503829956
804,80900.0,2.8919777503090236,2.8919777503090236,0.5246112388439763,1.0076394081115723
805,81000.0,45.33882716049383,45.33882716049383,0.8208306583041138,3.1405413150787354
806,81100.0,6.771985203452528,6.771985203452528,0.7410786949123283,1.1223163604736328
807,81200.0,7.29301724137931,7.29301724137931,0.7276321136959815,1.2085421085357666
808,81300.0,6.692177121771218,6.692177121771218,0.7393111931119312,1.1291453838348389
809,81400.0,6.342272727272727,6.342272727272727,0.7342350643128294,1.1068568229675293
810,81500.0,20.484184049079754,20.484184049079754,0.7561167145206017,1.846097707748413
811,81600.0,5.195183823529412,5.195183823529412,0.5956150886051129,1.1305062770843506
812,81700.0,16.90156670746634,16.90156670746634,0.8800734394124847,1.8899502754211426
813,81800.0,7.121320293398533,7.121320293398533,0.7419315403422982,1.1522321701049805
814,81900.0,45.0015873015873,45.0015873015873,0.9453106875541826,3.196831226348877
815,82000.0,9.788536585365854,9.788536585365854,0.6048488396199954,1.3452832698822021
816,82100.0,2.909890377588307,2.909890377588307,0.526224755779678,1.0144658088684082
817,82200.0,2.8814963503649635,2.8814963503649635,0.5266788321167883,0.9370779991149902
818,82300.0,7.026099635479952,7.026099635479952,0.7409779095482272,1.2311136722564697
819,82400.0,14.56235436893204,14.56235436893204,0.7678948518167916,1.6872496604919434
820,82500.0,7.275272727272728,7.275272727272728,0.5644500472738733,1.2503244876861572
821,82600.0,5.503765133171913,5.503765133171913,0.7113247294123345,1.3318774700164795
822,82700.0,2.8399637243047158,2.8399637243047158,0.5235976251224319,0.935636043548584
823,82800.0,9.423224637681159,9.423224637681159,0.7574758454106281,1.4001328945159912
824,82900.0,6.965392038600724,6.965392038600724,0.7413599681540187,1.3011457920074463
825,83000.0,7.0364578313253014,7.0364578313253014,0.5720619773970457,1.2180728912353516
826,83100.0,6.712057761732852,6.712057761732852,0.7389169675090252,1.0843324661254883
827,83200.0,27.07800480769231,27.07800480769231,0.7558052884615385,2.369485378265381
828,83300.0,8.02685474189676,8.02685474189676,0.760258349540205,1.2069077491760254
829,83400.0,7.021942446043165,7.021942446043165,0.7391127098321343,1.2785165309906006
830,83500.0,7.097125748502994,7.097125748502994,0.5744670658682635,1.3264522552490234
831,83600.0,8.837583732057416,8.837583732057416,0.7470783143339035,1.1626741886138916
832,83700.0,32.47352449223417,32.47352449223417,0.9171326164874551,2.5999319553375244
833,83800.0,2.8631384248210026,2.8631384248210026,0.524158999510734,0.9450907707214355
834,83900.0,2.8614421930870084,2.8614421930870084,0.5248578614253191,0.9436836242675781
835,84000.0,38.11210714285714,38.11210714285714,0.7534851605376255,2.8408615589141846
836,84100.0,5.075315101070155,5.075315101070155,0.5426753864447087,1.075819492340088
837,84200.0,7.2345486935866985,7.2345486935866985,0.7432480581486496,1.232802152633667
838,84300.0,2.8679003558718863,2.8679003558718863,0.5208896797153025,1.053396224975586
839,84400.0,9.696409952606635,9.696409952606635,0.7612412469342054,1.4426500797271729
840,84500.0,24.76343195266272,24.76343195266272,0.7606863905325444,2.2423758506774902
841,84600.0,7.0775768321513,7.0775768321513,0.741214435158808,1.1476600170135498
842,84700.0,10.060755608028336,10.060755608028336,0.7321015348288076,1.3907785415649414
843,84800.0,5.28310141509434,5.28310141509434,0.5972947794195687,1.088926076889038
844,84900.0,6.568798586572438,6.568798586572438,0.7385159010600707,1.3180160522460938
845,85000.0,7.131694117647059,7.131694117647059,0.5680823529411765,1.2587924003601074
846,85100.0,6.319529964747356,6.319529964747356,0.7340595548661543,1.1790947914123535
847,85200.0,3.6426408450704226,3.6426408450704226,0.5671091705106988,1.256227970123291
848,85300.0,6.816377491207503,6.816377491207503,0.7424940503405667,1.5068004131317139
849,85400.0,14.425292740046839,14.425292740046839,0.8636299765807962,1.6181116104125977
850,85500.0,60.00555555555555,60.00555555555555,0.8900104094784734,4.096634864807129
851,85600.0,5.161752336448598,5.161752336448598,0.5962569656187572,1.2586896419525146
852,85700.0,2.8801750291715287,2.8801750291715287,0.5227304550758459,1.1208231449127197
853,85800.0,5.844662004662005,5.844662004662005,0.7202065292136272,1.39821457862854
854,85900.0,6.922654249126892,6.922654249126892,0.7429772174297722,1.2829062938690186
855,86000.0,27.33024418604651,27.33024418604651,0.769401613991023,2.591966390609741
856,86100.0,5.428164924506388,5.428164924506388,0.704390243902439,1.0649547576904297
857,86200.0,2.9669025522041763,2.9669025522041763,0.5373210515325182,1.253349781036377
858,86300.0,2.903603707995365,2.903603707995365,0.5235457705677868,1.1583061218261719
859,86400.0,34.880196759259256,34.880196759259256,0.8293826245977917,2.699104070663452
860,86500.0,7.162104046242774,7.162104046242774,0.5686374251427778,1.231264591217041
861,86600.0,6.863290993071594,6.863290993071594,0.7413279445727483,1.304711103439331
862,86700.0,4.718085351787774,4.718085351787774,0.552641291810842,1.1333119869232178
863,86800.0,19.8198732718894,19.8198732718894,0.8715393389172437,2.083876609802246
864,86900.0,6.797341772151899,6.797341772151899,0.7388837744533947,1.3687162399291992
865,87000.0,7.076206896551724,7.076206896551724,0.5663053598317223,1.3482582569122314
866,87100.0,16.657956371986224,16.657956371986224,0.8769546947117041,2.0072286128997803
867,87200.0,13.877133027522936,13.877133027522936,0.7656051101503457,1.8185722827911377
868,87300.0,19.280469644902634,19.280469644902634,0.8900547549772045,2.2366037368774414
869,87400.0,6.270846681922197,6.270846681922197,0.7291189931350115,1.3644051551818848
870,87500.0,27.884125714285716,27.884125714285716,0.7236622551372602,2.5659730434417725
871,87600.0,9.263698630136986,9.263698630136986,0.7577625570776255,1.4362246990203857
872,87700.0,6.838586088939567,6.838586088939567,0.7407352505188259,1.31441330909729
873,87800.0,7.449134396355353,7.449134396355353,0.7455750700471537,1.3272278308868408
874,87900.0,2.8721956769055743,2.8721956769055743,0.5230489192263936,1.132521152496338
875,88000.0,15.89265909090909,15.89265909090909,0.6320825473306212,1.830251932144165
876,88100.0,2.8882860385925087,2.8882860385925087,0.5287854710556186,1.1202967166900635
877,88200.0,24.443526077097506,24.443526077097506,0.8999773242630386,2.334360361099243
878,88300.0,7.0161834654586634,7.0161834654586634,0.7429584244085303,1.4583914279937744
879,88400.0,8.152443438914027,8.152443438914027,0.7418212669683258,1.3433654308319092
880,88500.0,7.169028248587571,7.169028248587571,0.571916066848213,1.5680186748504639
881,88600.0,2.9339164785553047,2.9339164785553047,0.532313769751693,0.9855334758758545
882,88700.0,2.919425028184893,2.919425028184893,0.5314716062187849,1.118579387664795
883,88800.0,13.326137387387387,13.326137387387387,0.7630968468468469,1.8420989513397217
884,88900.0,15.169077615298088,15.169077615298088,0.8659137438412563,1.9715771675109863
885,89000.0,7.277011235955056,7.277011235955056,0.5709004696734759,1.3744215965270996
886,89100.0,13.603501683501683,13.603501683501683,0.811658941177791,1.8163208961486816
887,89200.0,9.762869955156951,9.762869955156951,0.7624524938620388,1.5830771923065186
888,89300.0,6.35,6.35,0.7300895856662933,1.3209552764892578
889,89400.0,2.9669686800894857,2.9669686800894857,0.5361873014452548,1.0862631797790527
890,89500.0,7.041854748603352,7.041854748603352,0.5688443446295489,1.4055876731872559
891,89600.0,25.220982142857142,25.220982142857142,0.7448100361623287,2.8089122772216797
892,89700.0,5.662140468227425,5.662140468227425,0.7193725682560563,1.25416898727417
893,89800.0,2.952550111358575,2.952550111358575,0.5357357624891423,1.2710092067718506
894,89900.0,6.794816462736374,6.794816462736374,0.7374913791185566,1.4329233169555664
895,90000.0,30.1349,30.1349,0.7726702001177818,3.0362823009490967
896,90100.0,2.9058823529411764,2.9058823529411764,0.5287458379578246,1.1683952808380127
897,90200.0,2.95420177383592,2.95420177383592,0.5296517622537334,1.1148886680603027
898,90300.0,14.39968992248062,14.39968992248062,0.8629014396456257,1.8555302619934082
899,90400.0,5.285199115044247,5.285199115044247,0.6011017820993595,1.2912774085998535
900,90500.0,20.221381215469613,20.221381215469613,0.7556741585449402,2.2537803649902344
901,90600.0,7.126633554083885,7.126633554083885,0.7419839071071425,1.5024137496948242
902,90700.0,6.988169790518191,6.988169790518191,0.7448537437842486,1.361203908920288
903,90800.0,3.6631387665198236,3.6631387665198236,0.5679310116962929,1.0388171672821045
904,90900.0,7.1394719471947194,7.1394719471947194,0.7407260726072608,1.4945719242095947
905,91000.0,45.536582417582416,45.536582417582416,0.8614395604395605,3.98779296875
906,91100.0,2.92423710208562,2.92423710208562,0.5308620292209574,1.1833596229553223
907,91200.0,13.486907894736841,13.486907894736841,0.7570039145166065,1.8595445156097412
908,91300.0,2.883986856516977,2.883986856516977,0.5272024272429543,1.1572740077972412
909,91400.0,7.049015317286652,7.049015317286652,0.7426939615085835,1.3806750774383545
910,91500.0,19.059628415300548,19.059628415300548,0.752882545164428,2.1921675205230713
911,91600.0,9.650753275109171,9.650753275109171,0.7608410847635267,1.7107009887695312
912,91700.0,5.523467829880044,5.523467829880044,0.7069433690661839,1.4533934593200684
913,91800.0,12.095566448801742,12.095566448801742,0.8093422514651736,1.9581665992736816
914,91900.0,7.138019586507073,7.138019586507073,0.7417382126029664,1.3825430870056152
915,92000.0,15.706739130434782,15.706739130434782,0.6293111881650888,1.981393575668335
916,92100.0,7.082736156351792,7.082736156351792,0.7426191949792067,1.5442605018615723
917,92200.0,2.9086767895878527,2.9086767895878527,0.5287699165916462,1.2154290676116943
918,92300.0,5.671310942578549,5.671310942578549,0.7211700975081257,1.521641731262207
919,92400.0,7.261504329004329,7.261504329004329,0.7267798004285807,1.5258822441101074
920,92500.0,18.792583783783783,18.792583783783783,0.7505405405405405,2.2693843841552734
921,92600.0,6.922354211663067,6.922354211663067,0.7408907319812523,1.4725260734558105
922,92700.0,19.727281553398058,19.727281553398058,0.8899460625674218,2.5045266151428223
923,92800.0,7.10635775862069,7.10635775862069,0.6062349809803985,1.4988930225372314
924,92900.0,2.88756727664155,2.88756727664155,0.5254846661428002,1.1516366004943848
925,93000.0,20.06806451612903,20.06806451612903,0.7518548785995398,2.291843891143799
926,93100.0,23.597121374865736,23.597121374865736,0.8921781348686331,2.501993417739868
927,93200.0,3.613497854077253,3.613497854077253,0.5645614712762076,1.2070448398590088
928,93300.0,2.8970203644158627,2.8970203644158627,0.5275083334226519,1.098099708557129
929,93400.0,2.967012847965739,2.967012847965739,0.5372055674518201,1.1259987354278564
930,93500.0,7.30820320855615,7.30820320855615,0.5769090909090909,1.5375452041625977
931,93600.0,38.080940170940174,38.080940170940174,0.8890906954134126,3.45719575881958
932,93700.0,6.942913553895411,6.942913553895411,0.7431428632414779,1.562347173690796
933,93800.0,15.120223880597015,15.120223880597015,0.8652394558403343,1.986072063446045
934,93900.0,6.807539936102237,6.807539936102237,0.7396485623003195,1.6403656005859375
935,94000.0,9.93236170212766,9.93236170212766,0.605268197195685,1.7319769859313965
936,94100.0,2.8812964930924547,2.8812964930924547,0.5255366631243358,1.2465496063232422
937,94200.0,6.50963906581741,6.50963906581741,0.737176220806794,1.5581746101379395
938,94300.0,2.95694591728526,2.95694591728526,0.5362786061210206,1.309783935546875
939,94400.0,5.221440677966101,5.221440677966101,0.6086698588923259,1.4369549751281738
940,94500.0,97.94431746031746,97.94431746031746,0.9089619995978794,7.657407283782959
941,94600.0,6.482135306553912,6.482135306553912,0.7364665588431167,1.466867208480835
942,94700.0,2.930855332629356,2.930855332629356,0.5301583949313622,1.3994770050048828
943,94800.0,9.39162447257384,9.39162447257384,0.7574446987837424,1.7870204448699951
944,94900.0,17.312918861959957,17.312918861959957,0.8776910188726962,2.2683160305023193
945,95000.0,19.3986,19.3986,0.7457525421587823,2.4158883094787598
946,95100.0,2.894900105152471,2.894900105152471,0.526267087276551,1.3702423572540283
947,95200.0,11.752279411764706,11.752279411764706,0.7417880815571919,1.9830286502838135
948,95300.0,2.957691500524659,2.957691500524659,0.5340454779168722,1.3280460834503174
949,95400.0,7.1625262054507335,7.1625262054507335,0.7421566263797315,1.587235927581787
950,95500.0,7.190848167539267,7.190848167539267,0.5705085917130023,1.6226441860198975
951,95600.0,3.6627928870292887,3.6627928870292887,0.5690286407665432,1.3490867614746094
952,95700.0,2.8739184952978056,2.8739184952978056,0.5265418295053188,1.1457793712615967
953,95800.0,2.9382881002087684,2.9382881002087684,0.5329749478079332,1.3373701572418213
954,95900.0,5.526444212721585,5.526444212721585,0.7098331595411888,1.5508620738983154
955,96000.0,33.08140625,33.08140625,0.6396279089147691,3.37772798538208
956,96100.0,8.749854318418315,8.749854318418315,0.7517326062977377,1.7215728759765625
957,96200.0,16.192692307692308,16.192692307692308,0.8750064970841086,2.065084457397461
958,96300.0,7.309636552440291,7.309636552440291,0.7433591559533946,1.6835477352142334
959,96400.0,9.234979253112034,9.234979253112034,0.7586543149683082,1.6270256042480469
960,96500.0,19.053533678756477,19.053533678756477,0.7543783290845406,2.2743871212005615
961,96600.0,5.492919254658385,5.492919254658385,0.7063883971551912,1.298337459564209
962,96700.0,6.905729058945191,6.905729058945191,0.742561970651196,1.3314616680145264
963,96800.0,9.610568181818183,9.610568181818183,0.6274819727680324,1.5707406997680664
964,96900.0,6.341589267285862,6.341589267285862,0.7312252964426877,1.3611316680908203
965,97000.0,19.995134020618558,19.995134020618558,0.7558737718945556,2.130704879760742
966,97100.0,2.9650257466529353,2.9650257466529353,0.5330696821767699,1.110074520111084
967,97200.0,41.214166666666664,41.214166666666664,0.8443525320493035,3.5273702144622803
968,97300.0,15.402857142857142,15.402857142857142,0.8660506896339082,1.9057326316833496
969,97400.0,7.068572895277208,7.068572895277208,0.7420096715572029,1.3400938510894775
970,97500.0,17.710676923076925,17.710676923076925,0.7355897435897436,1.9333341121673584
971,97600.0,14.054887295081967,14.054887295081967,0.7652230043340608,1.7727415561676025
972,97700.0,2.8840634595701125,2.8840634595701125,0.5267462332132329,1.1492671966552734
973,97800.0,7.140787321063395,7.140787321063395,0.7432208588957055,1.3709735870361328
974,97900.0,2.9722778345250256,2.9722778345250256,0.5387231869254341,1.2933390140533447
975,98000.0,38.2394693877551,38.2394693877551,0.7901160239599171,3.216660976409912
976,98100.0,19.68176350662589,19.68176350662589,0.8905176456196864,2.0889604091644287
977,98200.0,2.924266802443992,2.924266802443992,0.5284425344711705,1.1374218463897705
978,98300.0,2.8740488301119025,2.8740488301119025,0.5282251091058912,1.177363634109497
979,98400.0,5.18755081300813,5.18755081300813,0.5973069105691057,1.2314496040344238
980,98500.0,7.223005076142132,7.223005076142132,0.5737781477796503,1.390467643737793
981,98600.0,2.916815415821501,2.916815415821501,0.5271554478240145,1.2281689643859863
982,98700.0,5.445349544072949,5.445349544072949,0.7044853544615447,1.2705316543579102
983,98800.0,23.68351214574899,23.68351214574899,0.8787145748987855,2.4517765045166016
984,98900.0,6.540273003033367,6.540273003033367,0.7369437506951536,0.8066847324371338
985,99000.0,21.811151515151515,21.811151515151515,0.7567906098164591,1.3057360649108887
986,99100.0,7.1285065590312815,7.1285065590312815,0.7436528758829465,0.8895807266235352
987,99200.0,19.441743951612903,19.441743951612903,0.7684025887618702,1.2550599575042725
988,99300.0,6.875891238670695,6.875891238670695,0.7413893812439575,0.7749283313751221
989,99400.0,5.5137323943661976,5.5137323943661976,0.7046922473289201,0.8199503421783447
990,99500.0,20.312743718592966,20.312743718592966,0.7557764399642207,1.3743822574615479
991,99600.0,3.6340361445783134,3.6340361445783134,0.5672603867547541,0.726097583770752
992,99700.0,7.486409227683049,7.486409227683049,0.7462888665997994,0.8974854946136475
993,99800.0,6.856362725450902,6.856362725450902,0.7420512049701888,0.8556554317474365
994,99900.0,30.075675675675676,30.075675675675676,0.9174749992492267,1.631239652633667
